"id","title","description","availability","condition","price","link","image_link","brand","google_product_category"
"CT-554","Ramo Minirosas Premium Otoñal x6 tallos","Ramo de minirosas premium en tonos otoñales ideal para arreglos florales, decoración de eventos, regalos, florerías y proyectos creativos. Excelente presentación y acabado natural.8 colores rosa bb, blanco, rojo, celeste, fucsia, azul, rosa chicle, anaranjado","in stock","new","5.50 PEN","https://www.woolyimports.com/catalogo/producto.html?id=CT-554","https://dl.dropboxusercontent.com/scl/fi/nkfziuqsqj2bogeackj0r/CT-554C.jpg?rlkey=vlnk6ti708yup0j2qnphcppj7&st=vakoomen&raw=1","Wooly Imports","Home & Garden > Decor"
"CT-553","Ramo Minirosas Premium follaje x6 tallos","Hermoso ramo de minirosas premium con follaje decorativo, ideal para bouquets, arreglos florales, decoración de interiores, regalos especiales y emprendimientos de florería.8 colores rosa, azul, lila, celeste degradado, amarillo, melon, rojo","in stock","new","5.50 PEN","https://www.woolyimports.com/catalogo/producto.html?id=CT-553","https://dl.dropboxusercontent.com/scl/fi/829t8f2pt61w776uqf6vk/CT-553C.jpg?rlkey=ake314rr7miyx3tntl4rrr8cj&st=arabtju0&raw=1","Wooly Imports","Home & Garden > Decor"
"thjkdsft7017","Ramo de girasol premium x9 cabezas","flores amarillas, decoración alegre, girasol decorativo","in stock","new","18.00 PEN","https://www.woolyimports.com/catalogo/producto.html?id=thjkdsft7017","https://dl.dropboxusercontent.com/scl/fi/fvrfgqyuvpg7zwmdj3t8t/thjkdsft7017.jpg?rlkey=ag9e2hbrb1t3bmrhujjghbz8o&st=au3w1z8l&raw=1","Wooly Imports","Home & Garden > Decor"
"CT-606","Ramo pequeño de Eucalipto x5 tallos","Ramo de eucalipto decorativo ideal para complementar arreglos florales, centros de mesa, decoración del hogar, eventos, manualidades y proyectos creativos con estilo natural.2 colores verde claro y oscuro","in stock","new","5.50 PEN","https://www.woolyimports.com/catalogo/producto.html?id=CT-606","https://dl.dropboxusercontent.com/scl/fi/i0xyfqyadijztuzk4kkwb/CT-606.jpg?rlkey=flwto4nmsyva6j180ih587tou&st=x6l0j16m&raw=1","Wooly Imports","Home & Garden > Decor"
"CA2208SET4","Caja envío Foldcote color entero 30*25*10cm","caja para envio,empaque para regalo,box para despacho","in stock","new","4.50 PEN","https://www.woolyimports.com/catalogo/producto.html?id=CA2208SET4","https://dl.dropboxusercontent.com/scl/fi/m1b60l9kw0cp2av8bkclm/CA2208SET4.jpg?rlkey=3ogib4elbfko3xl33xl8rjugy&st=2pctgxwp&raw=1","Wooly Imports","Arts & Entertainment > Gift Giving"
"RS4037017","Ramo de girasol con mini margaritas x7 tallos","delicado, elegante, moderno, flores decorativas, regalo femenino","in stock","new","5.00 PEN","https://www.woolyimports.com/catalogo/producto.html?id=RS4037017","https://dl.dropboxusercontent.com/scl/fi/rcqcpby31i8j0gc39r32v/RS4037017.jpg?rlkey=8atfyk0o1inido0h63smoxxx4&st=fqdaauyi&raw=1","Wooly Imports","Home & Garden > Decor"
"PHKYG20","Peluche hello Kitty con Girasol 20cm","Pelcueh hello kitty con girasol y vestido lila, rosa y fucsia","in stock","new","20.00 PEN","https://www.woolyimports.com/catalogo/producto.html?id=PHKYG20","https://dl.dropboxusercontent.com/scl/fi/f1zjpwfs84c7rxfvaak0u/PHKYG20.jpg?rlkey=cpbx08k5i5yvk55l839hwlbte&st=05caw8oq&raw=1","Wooly Imports","Toys & Games > Toys > Dolls, Playsets & Toy Figures"
"R62P3jM3R1","Caja circular con diseño 15*15cm","caja para regalo,box redondo flores,detalle para amor,sorpresa elegante","in stock","new","10.00 PEN","https://www.woolyimports.com/catalogo/producto.html?id=R62P3jM3R1","https://dl.dropboxusercontent.com/scl/fi/uohn84pmhelqw6vmkn46q/R62P3jM3R.jpg?rlkey=jcmdw54b11odjj0cx9wd63atx&st=xzkehywm&raw=1","Wooly Imports","Arts & Entertainment > Gift Giving"
"CA2183SET","Caja diseño escamas corazón 25cm","caja corazon regalo,detalle romantico amor,box para flores","in stock","new","29.00 PEN","https://www.woolyimports.com/catalogo/producto.html?id=CA2183SET","https://dl.dropboxusercontent.com/scl/fi/ritebcz72dsg1z7k53pbk/R62P3jM3R2.jpg?rlkey=vlg38j83fn0jx5d9ogha3ovpc&st=s8wr6wwz&raw=1","Wooly Imports","Arts & Entertainment > Gift Giving"
"CA2193SET","Caja diseño escamas corazón 22cm","caja para amor,corazon para regalo,detalle flores amor","in stock","new","20.00 PEN","https://www.woolyimports.com/catalogo/producto.html?id=CA2193SET","https://dl.dropboxusercontent.com/scl/fi/8i7pnmuivas7mx9rx9164/CA2208SET1.jpg?rlkey=x9igq271vm3p8jyy7olg2pugy&st=qx5p1ks6&raw=1","Wooly Imports","Arts & Entertainment > Gift Giving"
"CA2208SET","Caja corazón Love 22cm","caja para amor,regalo romantico pareja,box para flores","in stock","new","18.00 PEN","https://www.woolyimports.com/catalogo/producto.html?id=CA2208SET","https://dl.dropboxusercontent.com/scl/fi/igbdoldlr3nm20mhnvsg3/CA2208SET2.jpg?rlkey=s3moa3346uw36f050ahpf7309&st=lpxavdac&raw=1","Wooly Imports","Arts & Entertainment > Gift Giving"
"BO1086PAP","Bolsa regalo vitrina corazón 18*25*13cm","bolsa para regalo,detalle para flores,amor para sorpresa","in stock","new","4.00 PEN","https://www.woolyimports.com/catalogo/producto.html?id=BO1086PAP","https://dl.dropboxusercontent.com/scl/fi/jaenaxc94zgidwc6c7frf/BO1086PAP.jpg?rlkey=y6i1zwdkwk3jkijj89es97eqp&st=ltikb9bk&raw=1","Wooly Imports","Arts & Entertainment > Gift Giving"
"jQV5XClJE3","Caja envío Foldcote ""Te Amo"" 30*25*10cm","caja para amor,detalle romantico regalo,box sorpresa pareja","in stock","new","10.00 PEN","https://www.woolyimports.com/catalogo/producto.html?id=jQV5XClJE3","https://dl.dropboxusercontent.com/scl/fi/u4nyid251gbhm6dl8hwnl/CA2208SET5.jpg?rlkey=68222xmya6j8w247sceovc9k5&st=jgqg37hk&raw=1","Wooly Imports","Arts & Entertainment > Gift Giving"
"CAR-07","Cartera cubo Specially rosa 10cm","cartera para regalo,detalle elegante amor,sorpresa femenina","in stock","new","3.00 PEN","https://www.woolyimports.com/catalogo/producto.html?id=CAR-07","https://dl.dropboxusercontent.com/scl/fi/suptyymewefhuscpam6su/CAR-07.jpg?rlkey=pkk1cbepbbcsuxef87lppsx73&st=bfr83asg&raw=1","Wooly Imports","Arts & Entertainment > Gift Giving"
"CJB352","Caja baúl ramo 40*34*12cm","caja para flores,ramo para regalo,detalle floral","in stock","new","15.00 PEN","https://www.woolyimports.com/catalogo/producto.html?id=CJB352","https://dl.dropboxusercontent.com/scl/fi/xqwe2vf3veoa6vds0p19i/CJB352.jpg?rlkey=k8c1h5azanqsyv5uqgeh44e4x&st=mm2pu0jf&raw=1","Wooly Imports","Arts & Entertainment > Gift Giving"
"BGRV","Bolsa regalo vitrina 34.5*24*14cm","bolsa para regalo,detalle elegante flores,empaque sorpresa","in stock","new","5.00 PEN","https://www.woolyimports.com/catalogo/producto.html?id=BGRV","https://dl.dropboxusercontent.com/scl/fi/rdegcb1cga766r35qq8l9/BGRV.jpg?rlkey=snpkmqjoiytayu6d7jkl8b0e5&st=40fkjq54&raw=1","Wooly Imports","Arts & Entertainment > Gift Giving"
"ACETATOG002","Caja acetato tapa grande 39*20*20cm","caja transparente flores,detalle premium regalo,box elegante","in stock","new","10.00 PEN","https://www.woolyimports.com/catalogo/producto.html?id=ACETATOG002","https://dl.dropboxusercontent.com/scl/fi/2ljo1kekjxh28nq6xr127/ACETATOG002.jpg?rlkey=3k77srptwwtx32ya5wx3dv6ea&st=z2r9olar&raw=1","Wooly Imports","Arts & Entertainment > Gift Giving"
"CJ204","Caja Box HotWheels c/n frase 28*8*24cm","caja de hotwheels con una frase dedicatoria ""especialmente para ti""","in stock","new","5.00 PEN","https://www.woolyimports.com/catalogo/producto.html?id=CJ204","https://dl.dropboxusercontent.com/scl/fi/fra5g9kfgl8996j7zprx6/CJ204.jpg?rlkey=382bisft2687pomwdkyg9w7qt&st=2am6r2ng&raw=1","Wooly Imports","Arts & Entertainment > Gift Giving"
"HWC001","Caja Hot Wheels Classic 72U Modelos 2025","Descubre los modelos más recientes de Hot Wheels 2025, con diseños exclusivos, deportivos, clásicos y coleccionables para niños, aficionados y revendedores.","in stock","new","540.00 PEN","https://www.woolyimports.com/catalogo/producto.html?id=HWC001","https://dl.dropboxusercontent.com/scl/fi/2pmxd9iar9fdpzd2pb610/HWC001.jpg?rlkey=h3eb8ggp3ggaf5h2z1xry4k23&st=xews4c1s&raw=1","Wooly Imports","Toys & Games > Toys > Toy Vehicles"
"HWC002","Caja Hot Wheels Classic 72U Modelos 2026","Colección Hot Wheels 2026 con nuevos lanzamientos, autos premium, ediciones especiales y modelos ideales para coleccionar o comercializar.","in stock","new","560.00 PEN","https://www.woolyimports.com/catalogo/producto.html?id=HWC002","https://dl.dropboxusercontent.com/scl/fi/f6nc1ouyjhbmtpc3dm78o/HWC002.jpg?rlkey=azhatmp83mkw9c9vl1cmhmtxj&st=9entlpws&raw=1","Wooly Imports","Toys & Games > Toys > Toy Vehicles"
"HWC0022","Pack 2 Cajas Hot wheels Classic 72u Modelos 2026","Colección Hot Wheels 2026 con nuevos lanzamientos, autos premium, ediciones especiales y modelos ideales para coleccionar o comercializar.","in stock","new","1100.00 PEN","https://www.woolyimports.com/catalogo/producto.html?id=HWC0022","https://dl.dropboxusercontent.com/scl/fi/taai4gx7e09ur25db7vix/HWC0022.jpg?rlkey=9lcoq1rp91lmnqvesg72zrbla&st=xjkpb74w&raw=1","Wooly Imports","Toys & Games > Toys > Toy Vehicles"
"HWC0026","Pack 6 Cajas Hot wheels Classic 72u Modelos 2026","Colección Hot Wheels 2026 con nuevos lanzamientos, autos premium, ediciones especiales y modelos ideales para coleccionar o comercializar.","in stock","new","3200.00 PEN","https://www.woolyimports.com/catalogo/producto.html?id=HWC0026","https://dl.dropboxusercontent.com/scl/fi/9ovz9i14hh99ibdunhz4m/HWC0026.jpg?rlkey=k4a3tl3sk4iagp23jjxk6gced&st=trf69hil&raw=1","Wooly Imports","Toys & Games > Toys > Toy Vehicles"
"AKT-RG107","Ramo de rosas semipremium con follaje x9 tallos","elegante, económico, regalo, detalle romántico, decoración floral, follaje verde, flores para regalo","in stock","new","10.00 PEN","https://www.woolyimports.com/catalogo/producto.html?id=AKT-RG107","https://dl.dropboxusercontent.com/scl/fi/228x8zlp1jp3i2qts78i5/RG107.jpg?rlkey=e75pz22jb33wc04g3gh3t0wur&st=u0yogvr1&raw=1","Wooly Imports","Home & Garden > Decor"
"4BefejQv6","Ramo de rosas premium x9 tallos","premium, elegante, regalo especial, aniversario, decoración fina, alta calidad, romántico","in stock","new","28.00 PEN","https://www.woolyimports.com/catalogo/producto.html?id=4BefejQv6","https://dl.dropboxusercontent.com/scl/fi/9d7fuwxmoj0e60z2fs8ne/4BefejQv6.jpg?rlkey=iou29sdwoufd0dts8sjer0413&st=i481ky5z&raw=1","Wooly Imports","Home & Garden > Decor"
"RG-131","Ramo de rosas pasteles x18 tallos","ramo grande, romántico, aniversario, decoración elegante, regalo especial, abundante","in stock","new","13.00 PEN","https://www.woolyimports.com/catalogo/producto.html?id=RG-131","https://dl.dropboxusercontent.com/scl/fi/rupdldpuql567iunrfrf4/RG-131.jpg?rlkey=3c2nh0p9v18r3o7v30bejkwge&st=942gehmo&raw=1","Wooly Imports","Home & Garden > Decor"
"AKT-RG180","Ramo de rosas semipremium x9 tallos","económico, regalo bonito, flores decorativas, detalle floral, elegantecolores, rosa bb, rosado, blanco, azul, celeste, rojo y lila","in stock","new","18.00 PEN","https://www.woolyimports.com/catalogo/producto.html?id=AKT-RG180","https://dl.dropboxusercontent.com/scl/fi/79ulcrp36xfdp7fzqlk98/AKT-RG180.jpg?rlkey=stn5b4i8c7acu3abhg265ipvb&st=llpyor94&raw=1","Wooly Imports","Home & Garden > Decor"
"AKT-RG600","Ramo de tulipanes x9 tallos","minimalista, moderno, elegante, flores decorativas, regalo especial, azul, celesterojo, lila, rosado, azul, amarillo, blanco","in stock","new","8.00 PEN","https://www.woolyimports.com/catalogo/producto.html?id=AKT-RG600","https://dl.dropboxusercontent.com/scl/fi/cc1pwf1jhojfre093y1t9/AKT-RG600-2.jpg?rlkey=qb904aj554c13vl5b1mg3xvwz&st=3h9nm5j9&raw=1","Wooly Imports","Home & Garden > Decor"
"AKT-RG702","Ramo de hortensias grandes x1 vara","Solo azul disponible","in stock","new","5.90 PEN","https://www.woolyimports.com/catalogo/producto.html?id=AKT-RG702","https://dl.dropboxusercontent.com/scl/fi/plof8k1hyys8gr5qrwqb5/AKT-RG702.jpg?rlkey=9sz91ijzcahnfsnylttxd4tz7&st=ywwkm76k&raw=1","Wooly Imports","Home & Garden > Decor"
"AKT-RS102","Ramo de rosa china con margaritas x5 tallos","colorido, moderno, decoración elegante, flores decorativas, regalo bonito","in stock","new","3.50 PEN","https://www.woolyimports.com/catalogo/producto.html?id=AKT-RS102","https://dl.dropboxusercontent.com/scl/fi/fnfghw0pm5bt0mk392ijy/AKT-RS102.jpg?rlkey=4fgquga0071wc2lydy0zos3ul&st=rdpivyct&raw=1","Wooly Imports","Home & Garden > Decor"
"AKT-RS304","Ramo de crisantemos x5 tallos","elegante, colorido, decoración moderna, flores decorativas","in stock","new","3.90 PEN","https://www.woolyimports.com/catalogo/producto.html?id=AKT-RS304","https://dl.dropboxusercontent.com/scl/fi/a2i1n4yy8b9ht1mbujh74/AKT-RS304.jpg?rlkey=62b1x41ohwi0d82vip79yv59g&st=i1satc9e&raw=1","Wooly Imports","Home & Garden > Decor"
"AKT-RS209","Ramo de peonías pequeñas x5 tallos","otoñal, cálido, elegante, flores decorativas, regalo bonito","in stock","new","5.00 PEN","https://www.woolyimports.com/catalogo/producto.html?id=AKT-RS209","https://dl.dropboxusercontent.com/scl/fi/4evwpg5agsxujvo0bp4l8/AKT-RS209.jpg?rlkey=fhrd4g0j75oc1wb0ravn21a5y&st=oprq2bzc&raw=1","Wooly Imports","Home & Garden > Decor"
"AKT-RS106","Ramo de mini hortensias otoñales x5 tallos","delicado, elegante, flores pequeñas, decoración moderna","in stock","new","3.80 PEN","https://www.woolyimports.com/catalogo/producto.html?id=AKT-RS106","https://dl.dropboxusercontent.com/scl/fi/ye57dkhxwjjpnf0p344iw/20260220_141656.jpg?rlkey=lx6civp00rqv0anky4jdgpyqa&st=s88s38ou&raw=1","Wooly Imports","Home & Garden > Decor"
"AKT-RS007","Ramo de eucalipto x16 tallos","flores de relleno, decoración elegante, delicado, decoración floral","in stock","new","12.00 PEN","https://www.woolyimports.com/catalogo/producto.html?id=AKT-RS007","https://dl.dropboxusercontent.com/scl/fi/5yefrs8bwoxor90ggfuku/AKT-RS007.jpg?rlkey=esorq4bh4mxhrjkn7ylcgy4oh&st=ukjdx5nv&raw=1","Wooly Imports","Home & Garden > Decor"
"AKT-RS901","Ramo de gipsófila x5 tallos","hojas decorativas, follaje verde, natural, fresco, decoración floral","in stock","new","5.00 PEN","https://www.woolyimports.com/catalogo/producto.html?id=AKT-RS901","https://dl.dropboxusercontent.com/scl/fi/mcypqbxdrlu7zoebldrwu/AKT-RS901.jpg?rlkey=qg205bdmqg9woa7x4jmmt4tyt&st=kiv8altn&raw=1","Wooly Imports","Home & Garden > Decor"
"AKT-RS001","Ramo de llamaplata x7 tallos","elegante, flores decorativas, arreglo moderno, decoración floralverde","in stock","new","5.00 PEN","https://www.woolyimports.com/catalogo/producto.html?id=AKT-RS001","https://dl.dropboxusercontent.com/scl/fi/dpyts7raqo99gasibcegf/Vhq1CvnmS.jpg?rlkey=l26urs14llvobvik5lo9cq650&st=uq498w2y&raw=1","Wooly Imports","Home & Garden > Decor"
"AKT-RG401","Ramo de girasol premium x5 tallos","flores artificiales, manualidades, decoración creativa, material foamy","in stock","new","15.00 PEN","https://www.woolyimports.com/catalogo/producto.html?id=AKT-RG401","https://dl.dropboxusercontent.com/scl/fi/r0dwcnpmu75sa67607441/AKT-RG401.jpg?rlkey=be9h4s1irsou2feteqmjzrna8&st=f0lgppx1&raw=1","Wooly Imports","Home & Garden > Decor"
"70FF25","Flores de foamy x25 unidades","flores artificiales, manualidades, decoración creativa, material foamy","in stock","new","20.00 PEN","https://www.woolyimports.com/catalogo/producto.html?id=70FF25","https://dl.dropboxusercontent.com/scl/fi/jrzcsanc5n8sqps2h04bq/70FF25.jpg?rlkey=z7qxnvpzv59s250f34q1nkcsj&st=wlo6i4y2&raw=1","Wooly Imports","Home & Garden > Decor"
"8613-2789","Ramo de Lirios Grande x7 tallos","flores realistas, látex, decoración elegante, artificial premium","in stock","new","20.00 PEN","https://www.woolyimports.com/catalogo/producto.html?id=8613-2789","https://dl.dropboxusercontent.com/scl/fi/85u14nx6hvrmql7c3puc8/442026017C0426.jpg?rlkey=ztc3taxz7siejz3ezfa17a8c7&st=8og894br&raw=1","Wooly Imports","Home & Garden > Decor"
"GSO-R1316","Ramo de azucena x7 tallos","flores siliconadas, decoración moderna, flores artificiales realistas","in stock","new","20.00 PEN","https://www.woolyimports.com/catalogo/producto.html?id=GSO-R1316","https://dl.dropboxusercontent.com/scl/fi/2jhtr700lc5w3jvbagpbp/GSO-R1316.jpg?rlkey=pi3zsegf79z8cx2shtkr4ol73&st=t4z4qbwj&raw=1","Wooly Imports","Home & Garden > Decor"
"7017-C001","Tulipan siliconado x12u.","elegante, flores decorativas, decoración floral moderna","in stock","new","30.00 PEN","https://www.woolyimports.com/catalogo/producto.html?id=7017-C001","https://dl.dropboxusercontent.com/scl/fi/19bhx9ieqbgd2cmeptxl6/7017TSC001.jpg?rlkey=f76y26igjh8m837kel0doicxz&st=ilee2zmt&raw=1","Wooly Imports","Home & Garden > Decor"
"CT-193","Ramo Margarita otoñal x6 tallos","Ramo de margaritas otoñales decorativas con 6 tallos, perfecto para arreglos florales, decoración de eventos, regalos, florerías y proyectos decorativos con estilo elegante y natural.6 colores rosa, celeste, anaranjado, fucsia, blanco, melon oto;ales","in stock","new","3.90 PEN","https://www.woolyimports.com/catalogo/producto.html?id=CT-193","https://dl.dropboxusercontent.com/scl/fi/5rtpj7ccu62dtjzpw9vb3/CT-193B.jpg?rlkey=n8v130z8s9eox1nih27th2gvi&st=c5xbuvuw&raw=1","Wooly Imports","Home & Garden > Decor"
"B01244PAP","Ramo de margaritas silvestre x7 tallos","Ramo artificial de margaritas silvestres elaborado con materiales decorativos de alta calidad. Ideal para florerías, decoración de ambientes, manualidades y arreglos florales personalizados.5 colores, rosado, amarillo,blanco, blanco hueso, blanco crema","in stock","new","6.00 PEN","https://www.woolyimports.com/catalogo/producto.html?id=B01244PAP","https://dl.dropboxusercontent.com/scl/fi/sd8m4hlflkw66ro4e0dw5/B01244PAP.jpg?rlkey=hz6fig87oi0kw8bse1545cir2&st=lufydywi&raw=1","Wooly Imports","Home & Garden > Decor"
"FP2177RAM","Ramo de rosas con lirios x7 tallos","Ramo artificial de rosas y lirios con acabado realista y colores atractivos. Perfecto para decoración, regalos, arreglos florales, centros de mesa y proyectos creativos.7 colores, celeste con blanco, rojo con rosado, rosado con amarillo, rosado , melon con blanco, malva con rosado,blanco","in stock","new","15.00 PEN","https://www.woolyimports.com/catalogo/producto.html?id=FP2177RAM","https://dl.dropboxusercontent.com/scl/fi/afv49s8qpvftizudzng5i/FP2177RAM.jpg?rlkey=nuwdebdkiawmifhecnzdjvgsp&st=y1kormj7&raw=1","Wooly Imports","Home & Garden > Decor"
"FP21811RAM","Ramo de margaritas pompos x7 tallos","Ramo artificial de margaritas pomposas con diseño decorativo y gran volumen visual. Ideal para florerías, decoración de eventos, arreglos florales y manualidades.4 colores, rosado, morado, blanco, gruinda","in stock","new","5.00 PEN","https://www.woolyimports.com/catalogo/producto.html?id=FP21811RAM","https://dl.dropboxusercontent.com/scl/fi/rj9xfu4vq8yvu62p4ucpn/FP21811RAM.jpg?rlkey=bsrs43xylqcz9icqg4yaqxyxo&st=izyhjl50&raw=1","Wooly Imports","Home & Garden > Decor"
"GIR07C","Ramo de girasol premiun x7tallos","Ramo de grirasoles en 7 tallos ideal para presentes y buquets","in stock","new","17.00 PEN","https://www.woolyimports.com/catalogo/producto.html?id=GIR07C","https://dl.dropboxusercontent.com/scl/fi/81clmqrzwukv1h4ntqsna/GIR07C.jpg?rlkey=75n6pu9h7bi0t2hiw2te7038p&st=585r2o7k&raw=1","Wooly Imports","Home & Garden > Decor"
"7017G1321","Peluche león sentado con flor 30cm","león, regalo tierno, peluche bonito, decoración, detalle romántico","in stock","new","38.00 PEN","https://www.woolyimports.com/catalogo/producto.html?id=7017G1321","https://dl.dropboxusercontent.com/scl/fi/7mo9hxhtghmdqorzzv0kg/G1321.jpg?rlkey=h7ci7z7jenbu08wwvwapfp1is&st=kh9utj8c&raw=1","Wooly Imports","Toys & Games > Toys > Dolls, Playsets & Toy Figures"
"Xkdfa9WJ6","Peluche Snoopy con girasol 25cm","Snoopy, girasol, regalo bonito, peluche tierno, detalle especial","in stock","new","25.00 PEN","https://www.woolyimports.com/catalogo/producto.html?id=Xkdfa9WJ6","https://dl.dropboxusercontent.com/scl/fi/2218ow99sp9i5lizcm0sp/Xkdfa9WJ6.jpg?rlkey=camlwnbx3xv9fvtbh1eeqvshg&st=g2fph24m&raw=1","Wooly Imports","Toys & Games > Toys > Dolls, Playsets & Toy Figures"
"XHVzoHaSb","Peluche Snoopy con corazón 25cm","Snoopy, corazón, regalo romántico, San Valentín, detalle amor","in stock","new","15.00 PEN","https://www.woolyimports.com/catalogo/producto.html?id=XHVzoHaSb","https://dl.dropboxusercontent.com/scl/fi/11gckwo1bi9qf813xtz21/XHVzoHaSb.jpg?rlkey=ewnpzkaria2kij6xdiwbfw6s5&st=0ap1ane3&raw=1","Wooly Imports","Toys & Games > Toys > Dolls, Playsets & Toy Figures"
"CER001","Peluche Cerdito con Vestido Overol mate 25cm","cerdito, vestido, kawaii, regalo bonito, rosado","in stock","new","25.00 PEN","https://www.woolyimports.com/catalogo/producto.html?id=CER001","https://dl.dropboxusercontent.com/scl/fi/dj04szl82qze65xmgel4n/20260304_184032.jpg?rlkey=2brq7oixulzeoet7waq6ny6mg&st=oiidaqko&raw=1","Wooly Imports","Toys & Games > Toys > Dolls, Playsets & Toy Figures"
"CER002","Peluche cerdito con moñito tornasol 25cm","cerdito, moño, tierno, kawaii, regalo especial","in stock","new","25.00 PEN","https://www.woolyimports.com/catalogo/producto.html?id=CER002","https://dl.dropboxusercontent.com/scl/fi/a1eesj2p5llpxcxjxcsu3/20260304_181312.jpg?rlkey=nrr504zptvkbkgmr7rrjahznt&st=7evzjp4o&raw=1","Wooly Imports","Toys & Games > Toys > Dolls, Playsets & Toy Figures"
"7017G701","Peluche pingüino con mochila verde/rosa 25cm","pingüino, mochila, regalo bonito, kawaii, decoración","in stock","new","15.00 PEN","https://www.woolyimports.com/catalogo/producto.html?id=7017G701","https://dl.dropboxusercontent.com/scl/fi/m5mrmrpa4bkbac5z370uc/G701.jpg?rlkey=usnlw17babzpuottctyg35ne5&st=vv923imv&raw=1","Wooly Imports","Toys & Games > Toys > Dolls, Playsets & Toy Figures"
"7017GL667","Peluche pingüino Luck 19cm","pingüino Luck, peluche tierno, regalo bonito","in stock","new","14.00 PEN","https://www.woolyimports.com/catalogo/producto.html?id=7017GL667","https://dl.dropboxusercontent.com/scl/fi/ok20n1pxd2o4g8nooxj89/GL667.jpg?rlkey=ytodfav9fpz9eyyho4g2h5ep0&st=kf5026k3&raw=1","Wooly Imports","Toys & Games > Toys > Dolls, Playsets & Toy Figures"
"ZlVzxn41t","Peluche vaquita Milk 18cm","vaquita, kawaii, regalo tierno, decoración","in stock","new","13.90 PEN","https://www.woolyimports.com/catalogo/producto.html?id=ZlVzxn41t","https://dl.dropboxusercontent.com/scl/fi/eu4zekiswtddm668z0dxy/ZIVzxb41t.jpg?rlkey=e9u9pwzwkhqgemqt9qi2ysy5v&st=l57q0riv&raw=1","Wooly Imports","Toys & Games > Toys > Dolls, Playsets & Toy Figures"
"HK001","Peluche Hello Kitty con corazón 25cm","Hello Kitty, corazón, regalo romántico, kawaii","in stock","new","25.00 PEN","https://www.woolyimports.com/catalogo/producto.html?id=HK001","https://dl.dropboxusercontent.com/scl/fi/r5qf4in2lkq8v9o1zb9u4/HK001.jpg?rlkey=q2luhjkdhzxnk95u2xxwn1mas&st=8ywd86d0&raw=1","Wooly Imports","Toys & Games > Toys > Dolls, Playsets & Toy Figures"
"7017G856","Peluche koala con chalina roja 21cm","koala, chalina roja, regalo navideño, tierno","in stock","new","12.90 PEN","https://www.woolyimports.com/catalogo/producto.html?id=7017G856","https://dl.dropboxusercontent.com/scl/fi/so5iaf4e5002n698hehxa/7017G856.jpg?rlkey=wacly2fvzrtyhj7qdc56e3ubp&st=03jxurte&raw=1","Wooly Imports","Toys & Games > Toys > Dolls, Playsets & Toy Figures"
"OS002","Peluche oso con corazón y letra nacional 15cm","oso corazón, regalo amor, romántico, detalle especial","in stock","new","9.00 PEN","https://www.woolyimports.com/catalogo/producto.html?id=OS002","https://dl.dropboxusercontent.com/scl/fi/q1t8ipvk34ygn3dn58slx/OS002.jpg?rlkey=xjenh72uof48bnys7oucr3lbz&st=57j5qt9g&raw=1","Wooly Imports","Toys & Games > Toys > Dolls, Playsets & Toy Figures"
"Llszbookm","Peluche Hello Kitty con vestido nacional 28cm","Hello Kitty vestido, regalo kawaii, colección","in stock","new","35.00 PEN","https://www.woolyimports.com/catalogo/producto.html?id=Llszbookm","https://dl.dropboxusercontent.com/scl/fi/cc2qjzwr9y8db0n3q7apr/Llszbookm.jpg?rlkey=kmw9kdipviuvfts9ixzhl5yhf&st=y00rzzg2&raw=1","Wooly Imports","Toys & Games > Toys > Dolls, Playsets & Toy Figures"
"70MKL2417","Peluche Gata Marie 20cm","Gata Marie, Disney, kawaii, regalo bonito","in stock","new","25.00 PEN","https://www.woolyimports.com/catalogo/producto.html?id=70MKL2417","https://dl.dropboxusercontent.com/scl/fi/5sadb8j13o03g7bxymkxy/GM001.jpg?rlkey=7lmq583jzokjhgr8dfhu4ja4z&st=ijiz8k33&raw=1","Wooly Imports","Toys & Games > Toys > Dolls, Playsets & Toy Figures"
"MN001","Peluche monita con moño 20cm","monita, moño, kawaii, regalo bonito","in stock","new","14.00 PEN","https://www.woolyimports.com/catalogo/producto.html?id=MN001","https://dl.dropboxusercontent.com/scl/fi/55hzfgjjfvxnoqh6m1ywi/MN001.jpg?rlkey=aawcwp12xik5bjv2qfkx7nx6c&st=i6swgm8v&raw=1","Wooly Imports","Toys & Games > Toys > Dolls, Playsets & Toy Figures"
"eb8zmji90","Peluche conejo con vestido brillante 22cm","conejo vestido, elegante, kawaii, regalo tierno","in stock","new","13.50 PEN","https://www.woolyimports.com/catalogo/producto.html?id=eb8zmji90","https://dl.dropboxusercontent.com/scl/fi/bvaskecedc17ugj5quffu/eb8zmji90.jpg?rlkey=35y3eji4jq2ph7khmtw36lj17&st=soemxg51&raw=1","Wooly Imports","Toys & Games > Toys > Dolls, Playsets & Toy Figures"
"CN001","Peluche conejo con corazón 25cm","conejo corazón, regalo romántico, tierno","in stock","new","10.00 PEN","https://www.woolyimports.com/catalogo/producto.html?id=CN001","https://dl.dropboxusercontent.com/scl/fi/rnix71dajyu17xw149rtt/CN001.jpg?rlkey=dpjcekhphmfcl870gzf4b1e9w&st=quoqbbai&raw=1","Wooly Imports","Toys & Games > Toys > Dolls, Playsets & Toy Figures"
"HK002","Peluche Hello Kitty con vestido rojo 35cm","Hello Kitty rojo, kawaii, regalo especial","in stock","new","45.00 PEN","https://www.woolyimports.com/catalogo/producto.html?id=HK002","https://dl.dropboxusercontent.com/scl/fi/gw0blx79mx2hqxaf7ou0u/HK002.jpg?rlkey=gzw5avvvunb6rtg8i20xn5fie&st=sx0co7qz&raw=1","Wooly Imports","Toys & Games > Toys > Dolls, Playsets & Toy Figures"
"70Ba-6335","Peluche chancho con collar 25cm","chancho collar, kawaii, peluche bonito","in stock","new","13.90 PEN","https://www.woolyimports.com/catalogo/producto.html?id=70Ba-6335","https://dl.dropboxusercontent.com/scl/fi/izhigbl0ie2qs2jr9hedj/70Baz06335.jpg?rlkey=pud6bsisk4tc1ceoicuh63y1i&st=eqyp6ug6&raw=1","Wooly Imports","Toys & Games > Toys > Dolls, Playsets & Toy Figures"
"70PLO30","Peluche Lotso echado 35cm","Lotso acostado, oso rosa, regalo bonito","in stock","new","35.00 PEN","https://www.woolyimports.com/catalogo/producto.html?id=70PLO30","https://dl.dropboxusercontent.com/scl/fi/qwk9qibh8ra27tgvxfqik/70PLO30.jpg?rlkey=vskbslh9ppo5156cizxewhn83&st=319go8gp&raw=1","Wooly Imports","Toys & Games > Toys > Dolls, Playsets & Toy Figures"
"LO0023CM","Peluche Lotso echado chico 20cm","Lotso pequeño, colección, kawaii","in stock","new","19.00 PEN","https://www.woolyimports.com/catalogo/producto.html?id=LO0023CM","https://dl.dropboxusercontent.com/scl/fi/u0svhvd9bsymcnyj2kwdd/LO0023CM.jpg?rlkey=7rvvwjjndioerrhh06go3768y&st=xydz2h59&raw=1","Wooly Imports","Toys & Games > Toys > Dolls, Playsets & Toy Figures"
"MKL036D","Peluche oso Teddy con chompa 24CM","Teddy chompa, regalo invierno, peluche suave","in stock","new","17.00 PEN","https://www.woolyimports.com/catalogo/producto.html?id=MKL036D","https://dl.dropboxusercontent.com/scl/fi/l1qoc833zzovb5ps9z5xy/MKL036D.jpg?rlkey=kqrgyx4gkg7q1pljxsy56wy3b&st=xojm35pl&raw=1","Wooly Imports","Toys & Games > Toys > Dolls, Playsets & Toy Figures"
"BAZ2417","Peluche Gata Marie soñadora 24CM","Gata Marie soñadora, Disney, kawaii","in stock","new","25.00 PEN","https://www.woolyimports.com/catalogo/producto.html?id=BAZ2417","https://dl.dropboxusercontent.com/scl/fi/08oc9o5ubg8xnjafxlw81/BAZ2417.jpg?rlkey=cnysmqudo56v4ipjbvxshyuzn&st=uyrkg7ve&raw=1","Wooly Imports","Toys & Games > Toys > Dolls, Playsets & Toy Figures"
"labu001","Peluche Labubu disfrazado 22cm","Labubu, colección, tendencia, kawaii","in stock","new","9.90 PEN","https://www.woolyimports.com/catalogo/producto.html?id=labu001","https://dl.dropboxusercontent.com/scl/fi/xdloxhzrne4c5lx3h6jgx/labu001.jpg?rlkey=nrcrmxe3gc6webrk2zsbl99jk&st=8x2gj43n&raw=1","Wooly Imports","Toys & Games > Toys > Dolls, Playsets & Toy Figures"
"7017W014","Peluche Stitch y Ángel corazón 25cm","Stitch corazón, Disney, regalo pareja","in stock","new","25.00 PEN","https://www.woolyimports.com/catalogo/producto.html?id=7017W014","https://dl.dropboxusercontent.com/scl/fi/8jgmfljbj3qt9i7ouslsf/7017W014.jpg?rlkey=r6x8glpl4dydwkbsco1x3abl1&st=adqc60t0&raw=1","Wooly Imports","Toys & Games > Toys > Dolls, Playsets & Toy Figures"
"G2753","Peluche panda kawaii 20cm","panda kawaii, regalo bonito, tierno","in stock","new","25.00 PEN","https://www.woolyimports.com/catalogo/producto.html?id=G2753","https://dl.dropboxusercontent.com/scl/fi/2wc6jsicb7szr5k2fc6y8/G2753.jpg?rlkey=ndauc2q9xsp4hmcfsp37p1cvt&st=kh2wvrxf&raw=1","Wooly Imports","Toys & Games > Toys > Dolls, Playsets & Toy Figures"
"G2752","Peluche panda ramo 21cm","panda ramo, regalo romántico, detalle especial","in stock","new","25.00 PEN","https://www.woolyimports.com/catalogo/producto.html?id=G2752","https://dl.dropboxusercontent.com/scl/fi/xr881k81u6s0u3o6nnmvt/G2752.jpg?rlkey=eyjfqx9iuuudtbicvlzn46fsk&st=xzytz1h0&raw=1","Wooly Imports","Toys & Games > Toys > Dolls, Playsets & Toy Figures"
"JyPsSyDwK","Peluche oso con chompa corazon importado 25cm","oso importado, premium, regalo elegante","in stock","new","25.00 PEN","https://www.woolyimports.com/catalogo/producto.html?id=JyPsSyDwK","https://dl.dropboxusercontent.com/scl/fi/chixulppljo62r154wwgg/JyPsSyDwK.jpg?rlkey=5fxm2raygmc1yj6kklmptfuka&st=7pc63dex&raw=1","Wooly Imports","Toys & Games > Toys > Dolls, Playsets & Toy Figures"
"ppbfutb0l","Peluche Snoopy nacional futbolero 25cm","perro fútbol, futbolero, regalo niño","in stock","new","25.00 PEN","https://www.woolyimports.com/catalogo/producto.html?id=ppbfutb0l","https://dl.dropboxusercontent.com/scl/fi/4j6jjcjwpuj9hwx520lea/ppbfutb0l.jpg?rlkey=x7fymupsxzvqnl55lkz4c50ei&st=efy4cdqr&raw=1","Wooly Imports","Toys & Games > Toys > Dolls, Playsets & Toy Figures"
"PSNCHO","Peluche Snoopy con chompa 25cm","Snoopy chompa, invierno, regalo kawaii","in stock","new","25.00 PEN","https://www.woolyimports.com/catalogo/producto.html?id=PSNCHO","https://dl.dropboxusercontent.com/scl/fi/gqs89p9d6nc8kkfafam6l/PSNCHO.jpg?rlkey=zlg7k7mmva1yxme995sqdcjp1&st=wk7l823m&raw=1","Wooly Imports","Toys & Games > Toys > Dolls, Playsets & Toy Figures"
"PGFP220","Peluche Gato Fucifer 20cm","Peluche gato lucifer en 2 colores negro y rosado","in stock","new","20.00 PEN","https://www.woolyimports.com/catalogo/producto.html?id=PGFP220","https://dl.dropboxusercontent.com/scl/fi/v2g7d6q3voy1zv2dk1moo/PGFP220.jpg?rlkey=aokmrz1cpiaf20rbih3mg7zi2&st=pfawg4fq&raw=1","Wooly Imports","Toys & Games > Toys > Dolls, Playsets & Toy Figures"
"PPINPA25","pinguino con pañuelo en el cuello 25cm","pinguino con pañuelo en el cuello color pastel rosa y celeste","in stock","new","15.00 PEN","https://www.woolyimports.com/catalogo/producto.html?id=PPINPA25","https://dl.dropboxusercontent.com/scl/fi/58jeo5gzxgb64kvolu8m2/PPINPA25.jpg?rlkey=ujwgu5kkvn9lyjzlgst12n708&st=xlool6di&raw=1","Wooly Imports","Toys & Games > Toys > Dolls, Playsets & Toy Figures"
"PGGLD17","Peluche Gato Garfield 17cm","Peluche gato garfield amarillo ojos kawai","in stock","new","25.00 PEN","https://www.woolyimports.com/catalogo/producto.html?id=PGGLD17","https://dl.dropboxusercontent.com/scl/fi/1hjxrbbo5okmopu6vj79l/GL061.jpg?rlkey=1bgs2gu67bc2bily3shfsczi9&st=9sq1e81y&raw=1","Wooly Imports","Toys & Games > Toys > Dolls, Playsets & Toy Figures"
"PGOK36","Peluche Gato Kawai 21cm","Peluche gato con ojos kawai negro y plomo","in stock","new","25.00 PEN","https://www.woolyimports.com/catalogo/producto.html?id=PGOK36","https://dl.dropboxusercontent.com/scl/fi/lfmxhwcqt7suzrach4rgr/PGOK36.jpg?rlkey=pj2wws5qdcwmicf45alu30v1o&st=s59w4gcx&raw=1","Wooly Imports","Toys & Games > Toys > Dolls, Playsets & Toy Figures"
"PSCHAG25","Peluche Stich y angela abrazados 25cm","Peluche de stich y angela abrazados con corazon","in stock","new","16.00 PEN","https://www.woolyimports.com/catalogo/producto.html?id=PSCHAG25","https://dl.dropboxusercontent.com/scl/fi/8h4agnto7v80iekk22l5k/PSCHAG25.jpg?rlkey=xxqa6s9pfx4wp04coe8nhsgxl&st=emf92p8j&raw=1","Wooly Imports","Toys & Games > Toys > Dolls, Playsets & Toy Figures"
"G1617","Peluche vaquita con vestido 25cm","Peluche vaquita kawai con vestido rosa y jade","in stock","new","25.00 PEN","https://www.woolyimports.com/catalogo/producto.html?id=G1617","https://dl.dropboxusercontent.com/scl/fi/bakjbiafasbud4cpo1eh1/G1617.jpg?rlkey=1d82cuhhzvfx6x5whhxrwnbzl&st=0stflad1&raw=1","Wooly Imports","Toys & Games > Toys > Dolls, Playsets & Toy Figures"
"POSTED23","Peluche Oso teddy Ejecutivo 23cm","Peluche oso teddy con polo azul, verde lima con corbata","in stock","new","15.00 PEN","https://www.woolyimports.com/catalogo/producto.html?id=POSTED23","https://dl.dropboxusercontent.com/scl/fi/lfljdyx0mxbxsn4hj5rt8/POSTED23.jpg?rlkey=vbfdbk3x2gitxqy04n4z0x54j&st=yjlbibsr&raw=1","Wooly Imports","Toys & Games > Toys > Dolls, Playsets & Toy Figures"
"PSNCH20","Peluche snoopy con chalina y flor 20cm","peluche snoopy con chalina roja agarrando una flor","in stock","new","25.00 PEN","https://www.woolyimports.com/catalogo/producto.html?id=PSNCH20","https://dl.dropboxusercontent.com/scl/fi/qgw3o4ia7pjx54rs2jqj1/PSNCH20.jpg?rlkey=3kiadyotehmfjybd0oc7pp1ao&st=4336bn8y&raw=1","Wooly Imports","Toys & Games > Toys > Dolls, Playsets & Toy Figures"
"POSROS20","Peluche osita con falda con rosa 20cm","peluche osita con faldita roja agarrando una rosa","in stock","new","9.00 PEN","https://www.woolyimports.com/catalogo/producto.html?id=POSROS20","https://dl.dropboxusercontent.com/scl/fi/towoxglg78hq3rprepusv/POSROS20.jpg?rlkey=72y2abk14gi9l2ff1cchlv9y6&st=irnyotxv&raw=1","Wooly Imports","Toys & Games > Toys > Dolls, Playsets & Toy Figures"
"PPATPA22","peluche pato con pañueleta en el cuello 22cm","peluche pato con pañueleta en el cuello","in stock","new","20.00 PEN","https://www.woolyimports.com/catalogo/producto.html?id=PPATPA22","https://dl.dropboxusercontent.com/scl/fi/oxwn3xmetcf6c2fu180on/TK261.jpg?rlkey=udnpfzo4uq5i9plwjrcyokerl&st=t0bwkukg&raw=1","Wooly Imports","Toys & Games > Toys > Dolls, Playsets & Toy Figures"
"PANGPE14","peluche angela y stich pequeños cabezones 14cm","peluche angela pequeña","in stock","new","16.00 PEN","https://www.woolyimports.com/catalogo/producto.html?id=PANGPE14","https://dl.dropboxusercontent.com/scl/fi/p32299wc5e9a6oxmrajw2/PANGPE14.jpg?rlkey=wipgd7xvq98aakg8hdtcind2v&st=nzyklco9&raw=1","Wooly Imports","Toys & Games > Toys > Dolls, Playsets & Toy Figures"
"PKICOR22","peluche hello kitty vestido con corazon 22cm","peluche hello kitty con corazon rojo vestido rosa y lila","in stock","new","22.00 PEN","https://www.woolyimports.com/catalogo/producto.html?id=PKICOR22","https://dl.dropboxusercontent.com/scl/fi/9zwiw1se9xpsboy6kbkhn/PKICOR22.jpg?rlkey=35pedrsbr1esysnaufd9ogh31&st=cjr9qvq7&raw=1","Wooly Imports","Toys & Games > Toys > Dolls, Playsets & Toy Figures"
"PPOLMO25","peluche pollito con morral 25cm","peluche pollo con su carterita","in stock","new","22.00 PEN","https://www.woolyimports.com/catalogo/producto.html?id=PPOLMO25","https://dl.dropboxusercontent.com/scl/fi/mo8ybox2dijwie2w67xsr/PPOLMO25.jpg?rlkey=x2uyxeexi3vvrqfc6rswttcyo&st=g1bkn6hx&raw=1","Wooly Imports","Toys & Games > Toys > Dolls, Playsets & Toy Figures"
"PA1205CO","Papel coreano con bordes decorativos x 20 unidades","flores, envoltura floral, papel para ramos, decoración bouquet, elegante","in stock","new","9.00 PEN","https://www.woolyimports.com/catalogo/producto.html?id=PA1205CO","https://dl.dropboxusercontent.com/scl/fi/4xevijj2ceupns4c62u5d/PA1205CO.jpg?rlkey=o53gspmpdtjifd3zz0jpw5p78&st=pl305mgl&raw=1","Wooly Imports","Arts & Entertainment > Party & Celebration"
"6925-6157","Papel coreano con bordes dorados x 20 unidades","bordes dorados, premium, elegante, envoltura flores, lujo","in stock","new","9.00 PEN","https://www.woolyimports.com/catalogo/producto.html?id=6925-6157","https://dl.dropboxusercontent.com/scl/fi/6mtsh15n2yh0ws4hq2pba/6925100606157.jpg?rlkey=axb4z7y7797bzbvet5t45llak&st=fjl9ovbq&raw=1","Wooly Imports","Arts & Entertainment > Party & Celebration"
"PA1206CO","Papel coreano con flores amarillas x 20 unidades","flores amarillas, envoltura floral, decoración ramo, primavera","in stock","new","8.00 PEN","https://www.woolyimports.com/catalogo/producto.html?id=PA1206CO","https://dl.dropboxusercontent.com/scl/fi/8edhbnvat51u90oxk00fo/PA1206CO.jpg?rlkey=tkf8z72gyjpt1tx79dra5uhbw&st=91ngavuy&raw=1","Wooly Imports","Arts & Entertainment > Party & Celebration"
"6925-6256","Papel coreano con margaritas x 20 unidades","margaritas, flores decorativas, ramo bonito, estilo floral","in stock","new","10.00 PEN","https://www.woolyimports.com/catalogo/producto.html?id=6925-6256","https://dl.dropboxusercontent.com/scl/fi/8p9jsfu91yjxjbg97gt7n/6925100606256.jpg?rlkey=lpfg8rzj54j62y2i7v10j695e&st=an1jdetf&raw=1","Wooly Imports","Arts & Entertainment > Party & Celebration"
"6925-5013","Papel coreano Stitch y Ángel x 20 unidades","Stitch, Ángel, Disney, kawaii, envoltura regalo","in stock","new","10.00 PEN","https://www.woolyimports.com/catalogo/producto.html?id=6925-5013","https://dl.dropboxusercontent.com/scl/fi/q63hkpyjrpnlnqnd5np8c/20260228_163519.jpg?rlkey=d67kkh5y8wm3xs1jn3phmm1j0&st=imzr0z4l&raw=1","Wooly Imports","Arts & Entertainment > Party & Celebration"
"CA5205ENV","Papel coreano con rosas x 20 unidades","rosas, romántico, ramo elegante, flores regalo","in stock","new","5.00 PEN","https://www.woolyimports.com/catalogo/producto.html?id=CA5205ENV","https://dl.dropboxusercontent.com/scl/fi/1wbm9g5ixyy1ueggmg0r4/20260228_163942.jpg?rlkey=kbfj3ie2mya5oj1u7l5egl8u5&st=13w12xft&raw=1","Wooly Imports","Arts & Entertainment > Party & Celebration"
"8241-2153","Papel coreano Hello Kitty x 20 unidades","Hello Kitty, kawaii, Sanrio, decoración regalo","in stock","new","7.00 PEN","https://www.woolyimports.com/catalogo/producto.html?id=8241-2153","https://dl.dropboxusercontent.com/scl/fi/bfz7nti08h2p1ic4dkykm/20260228_164133.jpg?rlkey=16d3elhipyiopznweytv1qm89&st=mx6203my&raw=1","Wooly Imports","Arts & Entertainment > Party & Celebration"
"6925-5020","Papel coreano Stitch hawaiano x 20 unidades","Stitch, tropical, Disney, kawaii, decoración floral","in stock","new","12.00 PEN","https://www.woolyimports.com/catalogo/producto.html?id=6925-5020","https://dl.dropboxusercontent.com/scl/fi/o2bmd1ijq0657mirl5ecr/20260228_164710.jpg?rlkey=568fbfmpmxh2698yqi2vaenhu&st=gjgaielj&raw=1","Wooly Imports","Arts & Entertainment > Party & Celebration"
"CA5118ENV","Papel coreano transparente con bordes de color x 20 unidades","transparente, elegante, bouquet premium, decoración flores","in stock","new","8.00 PEN","https://www.woolyimports.com/catalogo/producto.html?id=CA5118ENV","https://dl.dropboxusercontent.com/scl/fi/0bgd3uw7q6xgom2s1d23g/20260228_164828.jpg?rlkey=4uq8gwxqmt50c71qsygjf7110&st=sh70hx96&raw=1","Wooly Imports","Arts & Entertainment > Party & Celebration"
"6925-6270","Papel coreano degradado Mate x 20 unidades","degradado, moderno, elegante, decoración floral","in stock","new","6.90 PEN","https://www.woolyimports.com/catalogo/producto.html?id=6925-6270","https://dl.dropboxusercontent.com/scl/fi/h873eiw82km8t5hy9bllm/20260228_165227.jpg?rlkey=cpcvk8lie87iy84etcniwmrsp&st=10e4bsc2&raw=1","Wooly Imports","Arts & Entertainment > Party & Celebration"
"PA1183CO","Papel coreano dorado x 20 unidades","dorado, premium, elegante, lujo, bouquet flores","in stock","new","10.00 PEN","https://www.woolyimports.com/catalogo/producto.html?id=PA1183CO","https://dl.dropboxusercontent.com/scl/fi/d2r50eoxs7qage9e01srq/20260228_170722.jpg?rlkey=7trbs55udqqiow210jmbjwbgx&st=hebm5zym&raw=1","Wooly Imports","Arts & Entertainment > Party & Celebration"
"6925-5026","Papel coreano con bordes blancos x 20 unidades","minimalista, elegante, decoración floral, moderno","in stock","new","6.90 PEN","https://www.woolyimports.com/catalogo/producto.html?id=6925-5026","https://dl.dropboxusercontent.com/scl/fi/yrx88gxbw2jl53tyhdm3e/20260228_173345.jpg?rlkey=vnjb54a0r1eu7vqe008e0rhdh&st=1p0ar5lr&raw=1","Wooly Imports","Arts & Entertainment > Party & Celebration"
"00PA1058CO","Papel coreano con mariposas x 20 unidades","mariposas, delicado, elegante, decoración flores","in stock","new","7.00 PEN","https://www.woolyimports.com/catalogo/producto.html?id=00PA1058CO","https://dl.dropboxusercontent.com/scl/fi/25x9k4s9x9knwyzsbglkv/20260228_153915.jpg?rlkey=c3fej6fefo30yerobsa1ke1jz&st=k1wuw6tb&raw=1","Wooly Imports","Arts & Entertainment > Party & Celebration"
"CORLOVE328","Papel coreano Love x 20 unidades","amor, romántico, San Valentín, regalo bonito","in stock","new","10.00 PEN","https://www.woolyimports.com/catalogo/producto.html?id=CORLOVE328","https://dl.dropboxusercontent.com/scl/fi/d1d6bsftlw9972gm4l3oh/20260228_164936.jpg?rlkey=rzohe7e5rm485833zo0mvnobb&st=eqh8vbyg&raw=1","Wooly Imports","Arts & Entertainment > Party & Celebration"
"5908-4033","Papel coreano Hello Kitty fresita x 20 unidades","Hello Kitty, fresita, kawaii, Sanrio, regalo bonito","in stock","new","10.00 PEN","https://www.woolyimports.com/catalogo/producto.html?id=5908-4033","https://dl.dropboxusercontent.com/scl/fi/yg9sujb3tsk4c5io6uxac/20260125_153941.jpg?rlkey=mmlnd9gg16i7zehtmuhffxlea&st=khe3jxlf&raw=1","Wooly Imports","Arts & Entertainment > Party & Celebration"
"pa1026coro","Papel coreano con corazón x 20 unidades","corazón, romántico, regalo amor, San Valentín","in stock","new","10.00 PEN","https://www.woolyimports.com/catalogo/producto.html?id=pa1026coro","https://dl.dropboxusercontent.com/scl/fi/51xlqiyrvez8cpdo593k2/20260228_173126.jpg?rlkey=qpnw5sfch8zyxz3dgaaphtawu&st=zhpd79jn&raw=1","Wooly Imports","Arts & Entertainment > Party & Celebration"
"PaLu2m7Q","Papel leche x 20 pliegos","papel bouquet, envoltura flores, decoración floral","in stock","new","15.00 PEN","https://www.woolyimports.com/catalogo/producto.html?id=PaLu2m7Q","https://dl.dropboxusercontent.com/scl/fi/zw2yqpa52o2d0dxzh1ujx/20260228_175614.jpg?rlkey=jhst4se0muuicv1oi1vlgwkyp&st=sq5l5vpd&raw=1","Wooly Imports","Arts & Entertainment > Party & Celebration"
"pa1066co","Papel coreano doble cara x 20 unidades","doble cara, premium, bouquet elegante, envoltura regalo","in stock","new","10.00 PEN","https://www.woolyimports.com/catalogo/producto.html?id=pa1066co","https://dl.dropboxusercontent.com/scl/fi/nqzzii831rulze7jlmykg/20260228_174244.jpg?rlkey=bygisp2lnb05us6qynqi1i9xx&st=jqcrlb81&raw=1","Wooly Imports","Arts & Entertainment > Party & Celebration"
"PA1064CO","Papel coreano encaje de rosas x 20 unidades","rosas, elegante, romántico, decoración floral","in stock","new","7.00 PEN","https://www.woolyimports.com/catalogo/producto.html?id=PA1064CO","https://dl.dropboxusercontent.com/scl/fi/lxpdrb9e7h26ouqwrokkq/PA1064CO.jpeg?rlkey=7ctgvcu7j1xra8586hy56c7q3&st=5ziwv12s&raw=1","Wooly Imports","Arts & Entertainment > Party & Celebration"
"6925-6158","Papel coreano con bordes dorados hombre","bordes dorados, premium, elegante, envoltura flores, lujo","in stock","new","9.00 PEN","https://www.woolyimports.com/catalogo/producto.html?id=6925-6158","https://dl.dropboxusercontent.com/scl/fi/z2jr7qrkx0vwnp01vj769/6925100606158.jpg?rlkey=n1o7jk6c9de53tkvgsfq0fieg&st=5p0e2l2h&raw=1","Wooly Imports","Arts & Entertainment > Party & Celebration"
"PA2003CO","Papel Panal de abeja x Rollo","Panel de abajo, envoltura de flores","in stock","new","15.00 PEN","https://www.woolyimports.com/catalogo/producto.html?id=PA2003CO","https://dl.dropboxusercontent.com/scl/fi/mcf5e3mz4ug90zkbnfwhz/PAPEL-26-1.jpg?rlkey=fy5oefqlhitjmfbtrqwz7ztps&st=mggufqk5&raw=1","Wooly Imports","Arts & Entertainment > Party & Celebration"
"PA2005CO","Papel Decorativo Artistico","bouquet para flores, envoltura regalo, decoracion floral","in stock","new","12.00 PEN","https://www.woolyimports.com/catalogo/producto.html?id=PA2005CO","https://dl.dropboxusercontent.com/scl/fi/jms7qh56v0va8udjk250o/PAPEL-16.jpg?rlkey=3isskzw922bywbvonv4ivw4s2&st=gkq8oh7q&raw=1","Wooly Imports","Arts & Entertainment > Party & Celebration"
"PA2006CO","Papel coreano transparente con Mariposa","vinate, papel bouquet, envoltura flores, decoración floral","in stock","new","8.00 PEN","https://www.woolyimports.com/catalogo/producto.html?id=PA2006CO","https://dl.dropboxusercontent.com/scl/fi/b09n8bl8d2msg7mljzs35/PAPEL-24.jpg?rlkey=ny4g049r7smrddyj8cl7uks65&st=u8hdt6o9&raw=1","Wooly Imports","Arts & Entertainment > Party & Celebration"
"PA2007CO","Papel coreano Mini Corazones y trasparente","transparente, vintage, elegante, bouquet premium, decoración flores","in stock","new","12.00 PEN","https://www.woolyimports.com/catalogo/producto.html?id=PA2007CO","https://dl.dropboxusercontent.com/scl/fi/8pkd7ep33t7oqoz5tttoq/PA2007CO.jpg?rlkey=w4nie1xjw5wyo0if5uaqoingq&st=vv7fe582&raw=1","Wooly Imports","Arts & Entertainment > Party & Celebration"
"PA2008CO","Papel coreano con bordes y lineas doradas","elegante, dorado, regalo especial, lujo","in stock","new","8.00 PEN","https://www.woolyimports.com/catalogo/producto.html?id=PA2008CO","https://dl.dropboxusercontent.com/scl/fi/h4d6lxa64u6xodu450vfx/PAPEL-21.jpg?rlkey=92plwlw34lb01uvmw1ui4arl9&st=oz5soqen&raw=1","Wooly Imports","Arts & Entertainment > Party & Celebration"
"PA2009CO","Papel coreano escarchado","decoracion flores, envoltorio, brillante","in stock","new","15.00 PEN","https://www.woolyimports.com/catalogo/producto.html?id=PA2009CO","https://dl.dropboxusercontent.com/scl/fi/6xabyfqbtpxcnf9u8g8ql/PAPEL-19.jpg?rlkey=3mb9lsagg3p6kd30nf43fz2c7&st=yelloj95&raw=1","Wooly Imports","Arts & Entertainment > Party & Celebration"
"PA2010CO","Papel para Centro Ramo Flores c/n dorado","rosas, elagante, romantico, decoracion para ramo, dorado","in stock","new","12.00 PEN","https://www.woolyimports.com/catalogo/producto.html?id=PA2010CO","https://dl.dropboxusercontent.com/scl/fi/5l88eogx1hdphmrxre3zu/PAPEL-17.jpg?rlkey=8mcvh7ocw2z7hfce03kxrx6us&st=j9bef32e&raw=1","Wooly Imports","Arts & Entertainment > Party & Celebration"
"PA2011CO","Papel para Centro Ramo c/n borde con encaje","bouquet para flores, elagante, romantico","in stock","new","15.00 PEN","https://www.woolyimports.com/catalogo/producto.html?id=PA2011CO","https://dl.dropboxusercontent.com/scl/fi/drzvx625u53woe31com5z/PAPEL-15-1.jpg?rlkey=62pyw1y4jxb2zx1lp8c1ktu1k&st=pqvin4n0&raw=1","Wooly Imports","Arts & Entertainment > Party & Celebration"
"PA2015CO","Papel para Centro Ramo con Mariposas c/n Bordes","envoltura para flores, centro de ramo, bouquet, romantico, elegante","in stock","new","9.00 PEN","https://www.woolyimports.com/catalogo/producto.html?id=PA2015CO","https://dl.dropboxusercontent.com/scl/fi/ktcsrdkq7txs8x1372z51/PAPEL-11.jpg?rlkey=4l1dfqja3fx3k919gm428hpk5&st=rz2z51v5&raw=1","Wooly Imports","Arts & Entertainment > Party & Celebration"
"PA2017CO","Papel Coreano Periodico","papel envoltura, arreglos flores, vintage","in stock","new","15.00 PEN","https://www.woolyimports.com/catalogo/producto.html?id=PA2017CO","https://dl.dropboxusercontent.com/scl/fi/3zaiy96ivo04tt7g5nkmn/PAPEL-9.jpg?rlkey=b53hwl2li13g7sz5qxhr0hm1d&st=gvews3fe&raw=1","Wooly Imports","Arts & Entertainment > Party & Celebration"
"PA2018CO","Papel Leche grande","decoracion floral, envoltura para flores","in stock","new","12.00 PEN","https://www.woolyimports.com/catalogo/producto.html?id=PA2018CO","https://dl.dropboxusercontent.com/scl/fi/xp5riwk3y61zxcrcboja2/PAPEL-8.jpg?rlkey=kinvcprshr3fsh2ux45oazn8v&st=i15fdjhz&raw=1","Wooly Imports","Arts & Entertainment > Party & Celebration"
"PA2020CO","Papel Coreano Degradado","tranparente degradado, envoltura pra flores, romantico","in stock","new","10.00 PEN","https://www.woolyimports.com/catalogo/producto.html?id=PA2020CO","https://dl.dropboxusercontent.com/scl/fi/nihk27rrsykw0806ykusq/PAPEL-6.jpg?rlkey=q3jye58qtyvi6bsrnqhdrn1gk&st=cmn1pco2&raw=1","Wooly Imports","Arts & Entertainment > Party & Celebration"
"R62P3jM3R2","Caja circular con diseño de figuras 15*15cm","caja redonda regalo,detalle decorativo flores,box para sorpresa","in stock","new","10.00 PEN","https://www.woolyimports.com/catalogo/producto.html?id=R62P3jM3R2","https://dl.dropboxusercontent.com/scl/fi/9kkuvv8r8s5mp87iuu8ct/R62P3jM3R2.jpg?rlkey=8n1ifxuhnc76sujb61bwusrvm&st=res0rejk&raw=1","Wooly Imports","Arts & Entertainment > Gift Giving"
"jQV5XClJE2","Caja envío Foldcote fútbol 30*25*10cm","caja futbol regalo,detalle para niño,empaque para envio de equipos en variedad","in stock","new","10.00 PEN","https://www.woolyimports.com/catalogo/producto.html?id=jQV5XClJE2","https://dl.dropboxusercontent.com/scl/fi/mofutbnjm8gaxsnxvophw/jQV5XClJE2.jpg?rlkey=bn4xm4gefrummnyjdzojbhulp&st=2dzer4da&raw=1","Wooly Imports","Arts & Entertainment > Gift Giving"
"AR5010ENV","Envoltorio mariposa flores 40cm","envoltura para flores,papel para ramo,detalle floral regalo","in stock","new","2.50 PEN","https://www.woolyimports.com/catalogo/producto.html?id=AR5010ENV","https://dl.dropboxusercontent.com/scl/fi/4g45mggs7gg8x1eym2hy4/AR5010ENV.jpg?rlkey=8xauhpb8um3g2xysctdh1pgr6&st=cvo4gjch&raw=1","Wooly Imports","Arts & Entertainment > Gift Giving"
"CA2191SET","Set 3 cajas corazón vitrina 22cm","caja corazon flores,detalle romantico amor,box para regalo","in stock","new","25.00 PEN","https://www.woolyimports.com/catalogo/producto.html?id=CA2191SET","https://dl.dropboxusercontent.com/scl/fi/8cr67e86lbtr2pd9zx6ft/CA2191SET.jpg?rlkey=qsyt5wsy99u5aq74r19172915&st=e2ls7fzk&raw=1","Wooly Imports","Arts & Entertainment > Gift Giving"
"70CFC1515","Caja cubo full color 15*15cm","caja para regalo,detalle colorido flores,box para sorpresa","in stock","new","5.00 PEN","https://www.woolyimports.com/catalogo/producto.html?id=70CFC1515","https://dl.dropboxusercontent.com/scl/fi/xwvvea75d405a4kxr6zxs/70CFC1515.jpg?rlkey=a6rrpedcdyrzvpo3uti1kxowd&st=i5l7nnvi&raw=1","Wooly Imports","Arts & Entertainment > Gift Giving"
"wJHNzSeIV","Cartera corazón origami 12cm","cartera para regalo,detalle romantico amor,sorpresa pareja","in stock","new","3.00 PEN","https://www.woolyimports.com/catalogo/producto.html?id=wJHNzSeIV","https://dl.dropboxusercontent.com/scl/fi/67ff2y4c2p9n3ip6xedxg/wJHNzSeIV.jpg?rlkey=9ov7q168xp45vajpktl1u2mr1&st=awpmaznc&raw=1","Wooly Imports","Arts & Entertainment > Gift Giving"
"pdSBLFVcL","Cartera cubo tipo V 10cm","cartera para detalle,regalo elegante amor,box decorativo","in stock","new","2.50 PEN","https://www.woolyimports.com/catalogo/producto.html?id=pdSBLFVcL","https://dl.dropboxusercontent.com/scl/fi/mm4keaf74xj3n5jzr2hiy/20260402_135513.jpg?rlkey=p7jxw531by14xtmevm3waxmh4&st=njnwula6&raw=1","Wooly Imports","Arts & Entertainment > Gift Giving"
"vn8FxMTGG","Caja cartera rosa asa perlas 16*9cm","caja elegante regalo,detalle femenino flores,amor sorpresa","in stock","new","8.00 PEN","https://www.woolyimports.com/catalogo/producto.html?id=vn8FxMTGG","https://dl.dropboxusercontent.com/scl/fi/5qht7htuof0ihouoynuks/vn8FxMTGG.jpg?rlkey=49h7gerep2mn1xspwoab2oj8c&st=hhtxnw3a&raw=1","Wooly Imports","Arts & Entertainment > Gift Giving"
"Q320Hfwi0","Cartera cuerina rectangular 20*12*13cm","cartera elegante regalo,detalle premium amor,obsequio especial","in stock","new","3.50 PEN","https://www.woolyimports.com/catalogo/producto.html?id=Q320Hfwi0","https://dl.dropboxusercontent.com/scl/fi/s7b3juwpm8vt2wz72xkom/Q320Hfwi0.jpg?rlkey=byxn9sg7nkwg79fch4oz3mn24&st=y8zmcxni&raw=1","Wooly Imports","Arts & Entertainment > Gift Giving"
"5962410315011","Caja mariposa vintage desarmable 23*34*10cm","caja vintage regalo,detalle elegante flores,box decorativo","in stock","new","2.50 PEN","https://www.woolyimports.com/catalogo/producto.html?id=5962410315011","https://dl.dropboxusercontent.com/scl/fi/r16f7268x0x6lag69ak3q/5962410315011.jpg?rlkey=ntzi4l0qpoc0t2muzrrrwxsqe&st=5xxm0vxp&raw=1","Wooly Imports","Arts & Entertainment > Gift Giving"
"CANS002","Canasta con Encaje Blanco","canasta para flores,detalle elegante regalo,decoracion amor","in stock","new","15.00 PEN","https://www.woolyimports.com/catalogo/producto.html?id=CANS002","https://dl.dropboxusercontent.com/scl/fi/w1lfx9f9xh8a30tx4yafr/CANS002.jpg?rlkey=e1m1egbpu7sh32g5ol3wa11tb&st=3gh7r982&raw=1","Wooly Imports","Arts & Entertainment > Gift Giving"
"SCB2","Set cajas baúl x2","caja para flores,detalle elegante regalo,box sorpresa","in stock","new","45.00 PEN","https://www.woolyimports.com/catalogo/producto.html?id=SCB2","https://dl.dropboxusercontent.com/scl/fi/xj10r3i64l19hwbcqci48/SCB2.jpg?rlkey=ps1t5tl9fj02iz34cwwye70d6&st=4hd9stkb&raw=1","Wooly Imports","Arts & Entertainment > Gift Giving"
"CLMO01","Caja libro moño","caja elegante regalo,detalle premium flores,amor sorpresa","in stock","new","39.00 PEN","https://www.woolyimports.com/catalogo/producto.html?id=CLMO01","https://dl.dropboxusercontent.com/scl/fi/u2b734kgn30fm5p39jgx8/CLMO01.jpg?rlkey=sdwfk5tvlahrcofh6oybkij1q&st=edx10iaj&raw=1","Wooly Imports","Arts & Entertainment > Gift Giving"
"CLCU","Caja Love cuadrada 42*36*12.5cm","caja para amor,detalle romantico pareja,box flores","in stock","new","55.00 PEN","https://www.woolyimports.com/catalogo/producto.html?id=CLCU","https://dl.dropboxusercontent.com/scl/fi/979k3v1f262gsha4tspee/CLCU.jpg?rlkey=4lb0mrqqvf2dil56en6v625qe&st=zmlphmqc&raw=1","Wooly Imports","Arts & Entertainment > Gift Giving"
"CL3D","Caja Love 3D","caja para amor,detalle romantico flores,regalo pareja","in stock","new","40.00 PEN","https://www.woolyimports.com/catalogo/producto.html?id=CL3D","https://dl.dropboxusercontent.com/scl/fi/ooew4hl2rb0xjkuzwb0s4/CL3D.jpg?rlkey=jlh1xp997kdbymh44vvt0vptq&st=4dbcm6of&raw=1","Wooly Imports","Arts & Entertainment > Gift Giving"
"CILY","Caja I Love You 3D","amor para regalo,detalle pareja flores,sorpresa romantica","in stock","new","30.00 PEN","https://www.woolyimports.com/catalogo/producto.html?id=CILY","https://dl.dropboxusercontent.com/scl/fi/6hu483ht1ivbna0cmto8f/CILY.jpg?rlkey=lp0bn378860hmd8xum8de8ncb&st=4hixnvn9&raw=1","Wooly Imports","Arts & Entertainment > Gift Giving"
"CJ207","Caja Box Mica HotWheels 23.5*17*9.5cm","Caja de Box Hotwheels","in stock","new","5.00 PEN","https://www.woolyimports.com/catalogo/producto.html?id=CJ207","https://dl.dropboxusercontent.com/scl/fi/mp9405pz4dhbapmct0e5b/CJ207.jpg?rlkey=b5ufqcx7afh52dj2wlu1yx7u9&st=cvc8dcuu&raw=1","Wooly Imports","Arts & Entertainment > Gift Giving"
"CJ208","Caja Lazo HotWheels tornasol 29*23*8cm","Caja Lazo HotWheels Traslucido","in stock","new","12.00 PEN","https://www.woolyimports.com/catalogo/producto.html?id=CJ208","https://dl.dropboxusercontent.com/scl/fi/tol07km9afgt4n0wu9qbr/CJ208.jpg?rlkey=cc098cxf8eueez6nahd00md4v&st=f5ziyqcu&raw=1","Wooly Imports","Arts & Entertainment > Gift Giving"
"Db-Q6xZlh","Cinta Satinada Importada 4cm x 92m","Elaborada en satín de alta calidad con textura suave y excelente brillo. Perfecta para lazos decorativos, empaques elegantes y arreglos florales. Presentación de 4cm x 92m.","in stock","new","20.00 PEN","https://www.woolyimports.com/catalogo/producto.html?id=Db-Q6xZlh","https://dl.dropboxusercontent.com/scl/fi/wt186u7bz4tmlbr3d2l2j/Db-Q6xZlh_2.jpg?rlkey=76t8gw0kxzydx6qu9ign0hmef&st=snp4rz7n&raw=1","Wooly Imports","Arts & Entertainment > Crafts & Hobbies"
"75849nhff","Cinta Letras Decorativa Delgada 1.5cm x 45m","Elaborada en satín impreso de ancho delgado, perfecta para acabados finos, recuerdos, tarjetas y empaques personalizados. Presentación de 1.5cm x 45m.","in stock","new","7.00 PEN","https://www.woolyimports.com/catalogo/producto.html?id=75849nhff","https://dl.dropboxusercontent.com/scl/fi/47l2iolz7sir096zxr29u/75849nhff.jpg?rlkey=lmn1o6amjn456q0ao8y9iixzw&st=ev9ps99r&raw=1","Wooly Imports","Arts & Entertainment > Crafts & Hobbies"
"AR4003MAR","Mariposa 3D Escarchada Decorativa","Mariposa 3D con acabado escarchado en material decorativo, ideal para arreglos y detalles Disponible en:","in stock","new","6.00 PEN","https://www.woolyimports.com/catalogo/producto.html?id=AR4003MAR","https://dl.dropboxusercontent.com/scl/fi/aq9m8b6cod31d5p9w00v7/20260303_173914.jpg?rlkey=cgfbu7hn5bvdo6cg2sh2xex5z&st=zamesx9h&raw=1","Wooly Imports","Arts & Entertainment > Party & Celebration"
"FP9059OTR","Mariposa 3D Decorativa","Mariposa 3D en material liviano decorativo para arreglos y regalos Disponible en:","in stock","new","5.00 PEN","https://www.woolyimports.com/catalogo/producto.html?id=FP9059OTR","https://dl.dropboxusercontent.com/scl/fi/xvevr6g9dnj2f7rlsync5/20260303_172620.jpg?rlkey=brgydx9av6t04vr8a9appnuw3&st=322stvwh&raw=1","Wooly Imports","Arts & Entertainment > Party & Celebration"
"MARICOLO243","Mariposa Decorativa Colores","Mariposas decorativas en colores variados para arreglos y manualidades Disponible en:","in stock","new","6.00 PEN","https://www.woolyimports.com/catalogo/producto.html?id=MARICOLO243","https://dl.dropboxusercontent.com/scl/fi/aird59de724lz0klqzj5u/MARICOLO243.jpg?rlkey=647qzycbe0qzjay1is62yfnp6&st=xn2zfz8m&raw=1","Wooly Imports","Arts & Entertainment > Party & Celebration"
"7017013","Corona Metálica Pequeña Diamante","Corona metálica de 3x3 cm con diseño tipo diamante para decoración Disponible en:","in stock","new","3.00 PEN","https://www.woolyimports.com/catalogo/producto.html?id=7017013","https://dl.dropboxusercontent.com/scl/fi/j222xrxt56r7dkg61j7m2/20260224_162028.jpg?rlkey=it0mtvyd5mk27kbx01fhnol3d&st=fiqz1y1o&raw=1","Wooly Imports","Arts & Entertainment > Party & Celebration"
"FP9141OTR","Corona Metálica Perlada","Corona de metal 6x4 cm con detalle de perlitas para arreglos Disponible en:","in stock","new","5.00 PEN","https://www.woolyimports.com/catalogo/producto.html?id=FP9141OTR","https://dl.dropboxusercontent.com/scl/fi/m7ip7lpwp2xmzgl7aexty/20260224_163119.jpg?rlkey=d4u6zaqx2wgeuiwmw7az9gklp&st=3pd51327&raw=1","Wooly Imports","Arts & Entertainment > Party & Celebration"
"GjLujo9IQ","Corona Metálica Grande Decorativa","Corona metálica de 8x6 cm para detalles y arreglos premium Disponible en:","in stock","new","8.00 PEN","https://www.woolyimports.com/catalogo/producto.html?id=GjLujo9IQ","https://dl.dropboxusercontent.com/scl/fi/hm3y873bx43u6dnilci0a/img_disp.jpg?rlkey=zptj17v7lajk0mo4vvqy2133r&st=6xgmmct3&raw=1","Wooly Imports","Arts & Entertainment > Party & Celebration"
"7017017","Pistilo Decorativo para Flores","Pistilos artificiales en material flexible para armado floral Disponible en:","in stock","new","3.00 PEN","https://www.woolyimports.com/catalogo/producto.html?id=7017017","https://dl.dropboxusercontent.com/scl/fi/nfrqupugo6den6joz4172/20260303_172436.jpg?rlkey=zjbkfenzpthoop0mfg8ezz6ac&st=9gmfozs4&raw=1","Wooly Imports","Arts & Entertainment > Party & Celebration"
"MARPEQ2574","Mariposas Pequeñas Decorativas","Mariposas pequeñas en material liviano para detalles y arreglos Disponible en:","in stock","new","4.50 PEN","https://www.woolyimports.com/catalogo/producto.html?id=MARPEQ2574","https://dl.dropboxusercontent.com/scl/fi/75qrzby8acv0t49gw216c/MARPEQ2574.jpg?rlkey=a4ds8tyl8m901b80tcgjum6ly&st=8ae5yskr&raw=1","Wooly Imports","Arts & Entertainment > Party & Celebration"
"7017016","Medias Perlas x400 Decorativas","Medias perlas en material acrílico pack x400 para decoración Disponible en:","in stock","new","5.00 PEN","https://www.woolyimports.com/catalogo/producto.html?id=7017016","https://dl.dropboxusercontent.com/scl/fi/2o1jzy7pact6lhdluls1r/20260303_172714.jpg?rlkey=s838ntg6c87kb13gopz9nvdey&st=nrwu8pg8&raw=1","Wooly Imports","Arts & Entertainment > Party & Celebration"
"Yb1ExVYQ","Luces Hada con Pilas Decorativas","Luces tipo hada en material metálico con alimentación a pilas Disponible en:","in stock","new","4.00 PEN","https://www.woolyimports.com/catalogo/producto.html?id=Yb1ExVYQ","https://dl.dropboxusercontent.com/scl/fi/n5ou5sasbt6qm5c6q2jzv/20260303_173843.jpg?rlkey=he62u6dlama354hd07dini5tj&st=x0sq8fuf&raw=1","Wooly Imports","Arts & Entertainment > Party & Celebration"
"FP9079OTR","Viruta de Papel Decorativa","Viruta de papel en material liviano para relleno de regalos Disponible en:","in stock","new","4.00 PEN","https://www.woolyimports.com/catalogo/producto.html?id=FP9079OTR","https://dl.dropboxusercontent.com/scl/fi/nwrks1vxnblnke9ll1myn/20250807_224455.jpg?rlkey=8cc6gpnjnotg3mpl1y4c7whs6&st=emde1fn4&raw=1","Wooly Imports","Arts & Entertainment > Party & Celebration"
"W5Kezs_HV","Moño Fácil Mediano x10","Set de 10 moños en material sintético tamaño mediano Disponible en:","in stock","new","5.00 PEN","https://www.woolyimports.com/catalogo/producto.html?id=W5Kezs_HV","https://dl.dropboxusercontent.com/scl/fi/zpcl3jf66bib9o5dcvi7g/mJIcucnk2.jpg?rlkey=pfkpwgqe5689cczvds30o2c9i&st=ylfrw7dx&raw=1","Wooly Imports","Arts & Entertainment > Party & Celebration"
"mJIcucnk2","Moño Fácil Pequeño x10","Set de 10 moños pequeños en material sintético Disponible en:","in stock","new","4.00 PEN","https://www.woolyimports.com/catalogo/producto.html?id=mJIcucnk2","https://dl.dropboxusercontent.com/scl/fi/hm3y873bx43u6dnilci0a/img_disp.jpg?rlkey=zptj17v7lajk0mo4vvqy2133r&st=6xgmmct3&raw=1","Wooly Imports","Arts & Entertainment > Party & Celebration"
"CA3096LAZ","Moño Rosón Grande Decorativo","Moño tipo rosón grande en material sintético Disponible en:","in stock","new","6.00 PEN","https://www.woolyimports.com/catalogo/producto.html?id=CA3096LAZ","https://dl.dropboxusercontent.com/scl/fi/b8ru0axdvw4ifp2yuslqq/W5Kezs_HV.jpg?rlkey=434lawchaabdj9et87odaoqsb&st=rsaetv6l&raw=1","Wooly Imports","Arts & Entertainment > Party & Celebration"
"aOydg5nzd","Bolsa Porta Rosa Económica","Bolsa de material flexible para portar rosas Disponible en:","in stock","new","3.00 PEN","https://www.woolyimports.com/catalogo/producto.html?id=aOydg5nzd","https://dl.dropboxusercontent.com/scl/fi/m750zjbljq1hlxzv3rkce/aOydg5nzd.jpg?rlkey=rdz0x5qgnlco9a3xgw86vehg0&st=dxbhbvrt&raw=1","Wooly Imports","Arts & Entertainment > Party & Celebration"
"o9hYD8L8H","Cúpula de Vidrio Decorativa","Cúpula de vidrio transparente para arreglos premium Disponible en:","in stock","new","18.00 PEN","https://www.woolyimports.com/catalogo/producto.html?id=o9hYD8L8H","https://dl.dropboxusercontent.com/scl/fi/qkc8jo88t0qq8tbvc8wd3/o9hYD8L8H.jpg?rlkey=evo9mewq5gpmljgk96szi102r&st=ra56npsw&raw=1","Wooly Imports","Arts & Entertainment > Party & Celebration"
"107000553","Oasis Base para Flores","Espuma floral tipo oasis en material absorbente para flores Disponible en:","in stock","new","4.50 PEN","https://www.woolyimports.com/catalogo/producto.html?id=107000553","https://dl.dropboxusercontent.com/scl/fi/wzy5qdwhy4mqy2hl9mxia/107000553.jpg?rlkey=h011nz81asczhz8hheiefns3r&st=3ylgu429&raw=1","Wooly Imports","Arts & Entertainment > Party & Celebration"
"LUC1M8650","Luces Hada Dorada 1 m Pila Reloj","luces tipo hada color dorado 1 m en metal con pilas para arreglos Disponible en:","in stock","new","2.00 PEN","https://www.woolyimports.com/catalogo/producto.html?id=LUC1M8650","https://dl.dropboxusercontent.com/scl/fi/0n87juudrhjg4pe2hpaoa/LUC1M8650.jpg?rlkey=e3bsvlob8plcgtdcu2tex4u1z&st=lehbzovi&raw=1","Wooly Imports","Arts & Entertainment > Party & Celebration"
"0913-32","Porta Rosa Unitaria de Colores","Disponible en colores kraft, rosado y blanco, el paquete incluye 10 unidades Disponible en:","in stock","new","5.00 PEN","https://www.woolyimports.com/catalogo/producto.html?id=0913-32","https://dl.dropboxusercontent.com/scl/fi/hm3y873bx43u6dnilci0a/img_disp.jpg?rlkey=zptj17v7lajk0mo4vvqy2133r&st=6xgmmct3&raw=1","Wooly Imports","Arts & Entertainment > Party & Celebration"
"0913-35","Yute en Rollo","Disponible en:","in stock","new","5.00 PEN","https://www.woolyimports.com/catalogo/producto.html?id=0913-35","https://dl.dropboxusercontent.com/scl/fi/23sub1na4zcb8e2wsp2f2/0913-35.jpg?rlkey=p73owrecurjh16kefywppy4xj&st=htohthss&raw=1","Wooly Imports","Arts & Entertainment > Party & Celebration"
"BSR04-ALT","Base Circular Rosado Alto","Base cilíndrica alta en tono rosado delicado. Ideal para quinceañeras, nacimientos y arreglos tiernos. Disponible en:","in stock","new","5.00 PEN","https://www.woolyimports.com/catalogo/producto.html?id=BSR04-ALT","https://dl.dropboxusercontent.com/scl/fi/ipbfrtyn51ctyb26xdzt6/BSR04-ALT.jpg?rlkey=0w2ds5dtjtrfjy6s287an0eel&st=d7c3uowt&raw=1","Wooly Imports","Arts & Entertainment > Party & Celebration"
"OSI-C","Llavero Oso Teddy Vestido 10cm","Oso teddy con vestido de mujer con moño","in stock","new","15.00 PEN","https://www.woolyimports.com/catalogo/producto.html?id=OSI-C","https://dl.dropboxusercontent.com/scl/fi/4qtj9sm6yq1jfw0tzd4fg/OSI-C.png?rlkey=egk9n0i95wgqtbrb25hvz32kz&st=kodunrn9&raw=1","Wooly Imports","Arts & Entertainment > Party & Celebration"
"LN-7B","Llavero conejo 10cm","conejo sentado con babero y orejas largas kawai","in stock","new","15.00 PEN","https://www.woolyimports.com/catalogo/producto.html?id=LN-7B","https://dl.dropboxusercontent.com/scl/fi/tbkafkkhx1dtyss88w247/LN-7B.jpg?rlkey=m4113r99zmdoq9eiqskz5781c&st=1p6hxszb&raw=1","Wooly Imports","Arts & Entertainment > Party & Celebration"
"LN-7g","Llavero cerdito babero 10cm","puerco sentado con babero y pelaje rulero","in stock","new","12.00 PEN","https://www.woolyimports.com/catalogo/producto.html?id=LN-7g","https://dl.dropboxusercontent.com/scl/fi/pkir7wl88bse43liak03a/LN-7g.jpg?rlkey=514w7wx430ab74uqie3oiry2c&st=bjdwpmhm&raw=1","Wooly Imports","Arts & Entertainment > Party & Celebration"
"LN-7f","Llavero hello kitty cuadros 12cm","Kitty con moñito y vestido a cuadros","in stock","new","15.00 PEN","https://www.woolyimports.com/catalogo/producto.html?id=LN-7f","https://dl.dropboxusercontent.com/scl/fi/8t647k40djsf8ivb55jmq/LN-7f.png?rlkey=5frq0idj1a8dm1wuuzie23zow&st=san2mdd7&raw=1","Wooly Imports","Arts & Entertainment > Party & Celebration"
"A-CONEJAX","Llavero Stitch Coneja 10CM","stich y angela con cuernitos","in stock","new","15.00 PEN","https://www.woolyimports.com/catalogo/producto.html?id=A-CONEJAX","https://dl.dropboxusercontent.com/scl/fi/d49ay0j4k7ez37prr2ua0/20260523_132454.jpg?rlkey=nslw35opg6s4tvufbme43bz7i&st=zg0naowb&raw=1","Wooly Imports","Arts & Entertainment > Party & Celebration"
"AB-40X","Llavero Hello Kitty Cuerina 12CM","Kitty con vestido de cuerina y collar de perla","in stock","new","15.00 PEN","https://www.woolyimports.com/catalogo/producto.html?id=AB-40X","https://dl.dropboxusercontent.com/scl/fi/1dgs1gbyk75v9yrapq4ji/AB-40X.png?rlkey=9kef9m1aizl4bp1bt20kkmk5d&st=h1bikbgc&raw=1","Wooly Imports","Arts & Entertainment > Party & Celebration"
"LS67","Llavero superheroe 12CM","superheroes de accion (mavel)","in stock","new","9.00 PEN","https://www.woolyimports.com/catalogo/producto.html?id=LS67","https://dl.dropboxusercontent.com/scl/fi/o9oo6k40uuqroz1e9lsgh/LS67.jpg?rlkey=gvffnf2k2f103gkpb6zq84xl8&st=54f1ugiv&raw=1","Wooly Imports","Arts & Entertainment > Party & Celebration"
"CCEN","Caja corazón encapsulada","caja para amor,detalle romantico regalo,corazon flores","in stock","new","45.00 PEN","https://www.woolyimports.com/catalogo/producto.html?id=CCEN","https://dl.dropboxusercontent.com/scl/fi/wlru9cyj847qvwfteszc9/CCEN.jpg?rlkey=a7subf7rb6vze8wc5mtzrac56&st=tbj7kb86&raw=1","Wooly Imports","Arts & Entertainment > Gift Giving"
"G-091N18","Globo Burbuja Transparente N°18","globo transparente regalo,decoracion elegante,globo para flores,sorpresa cumpleaños,detalle fiesta","in stock","new","3.00 PEN","https://www.woolyimports.com/catalogo/producto.html?id=G-091N18","https://dl.dropboxusercontent.com/scl/fi/jfltkstzxq0zzytjdbo9g/G-091N18.jpeg?rlkey=j2eezln1h0ggzcvo6p1xuv8h6&st=1qqnfamm&raw=1","Wooly Imports","Arts & Entertainment > Party & Celebration"
"G-091DN20","Globo Burbuja Transparente N°20","globo transparente regalo,decoracion para fiesta,detalle elegante amor,globo para sorpresa","in stock","new","3.50 PEN","https://www.woolyimports.com/catalogo/producto.html?id=G-091DN20","https://dl.dropboxusercontent.com/scl/fi/b96jkmksejwtu01jxxz1h/G-091DN20.jpeg?rlkey=9gp25lt5hwh9ff0ddd4ldg671&st=lz2karan&raw=1","Wooly Imports","Arts & Entertainment > Party & Celebration"
"G-091DN24","Globo Burbuja Transparente N°24","globo transparente grande,decoracion para regalo,globo elegante fiesta,sorpresa para amor","in stock","new","4.00 PEN","https://www.woolyimports.com/catalogo/producto.html?id=G-091DN24","https://dl.dropboxusercontent.com/scl/fi/58ni69isqh97cjo3rfail/G-091N24.jpeg?rlkey=k3cwa1jbli4xeiycsjkhiwkft&st=lvk7g3yn&raw=1","Wooly Imports","Arts & Entertainment > Party & Celebration"
"GB-002N10","Globo Metálico Color Entero N°10","globo para fiesta,decoracion cumpleaños,globo para sorpresa,detalle para regalo","in stock","new","3.00 PEN","https://www.woolyimports.com/catalogo/producto.html?id=GB-002N10","https://dl.dropboxusercontent.com/scl/fi/ssbnn4kf8vzohjlof0mbd/GB-002N10.jpeg?rlkey=sg4wjwyxr6uyveq1ksw5n8iro&st=i8y0oofu&raw=1","Wooly Imports","Arts & Entertainment > Party & Celebration"
"GMFP01","Globo Metálico Futbolero Pelotas N°10","Globo metálico con diseño de pelotas de fútbol, ideal para decoraciones de cumpleaños, eventos deportivos y regalos temáticos.","in stock","new","3.00 PEN","https://www.woolyimports.com/catalogo/producto.html?id=GMFP01","https://dl.dropboxusercontent.com/scl/fi/t3nmfzc8772x1olhvog0m/GMFP01.jpg?rlkey=t0lljorzmjfhavitf92xq4cuk&st=4hl2dd3a&raw=1","Wooly Imports","Arts & Entertainment > Party & Celebration"
"GMFC01","Globo Metálico Futbolero Camisetas N°10","Globo metálico con diseño de camisetas de fútbol, perfecto para celebraciones deportivas, fiestas temáticas y arreglos decorativos.","in stock","new","3.00 PEN","https://www.woolyimports.com/catalogo/producto.html?id=GMFC01","https://dl.dropboxusercontent.com/scl/fi/qct5p6f5am31goaxmgw9u/GMFC01.jpg?rlkey=n7nhvmecuiyzr5uchzx30v7db&st=edvucji2&raw=1","Wooly Imports","Arts & Entertainment > Party & Celebration"
"TARYFHGI2","Pack Tarjetas Felicitaciones x25u","Tarjetas de cartón pack x25 temática felicitaciones Disponible en:","in stock","new","10.00 PEN","https://www.woolyimports.com/catalogo/producto.html?id=TARYFHGI2","https://dl.dropboxusercontent.com/scl/fi/7x66dgg5r94rqvn9eghx5/TARYFHGI2.jpg?rlkey=rsbplo8ao1ndfzqll9xmnrifw&st=1mqmxw6z&raw=1","Wooly Imports","Arts & Entertainment > Party & Celebration"
"FP9048OTR","Base Soporte Chico 23x14 cm","Base circular en material rígido de 23x14 cm para armado. Disponible en: Blanco y Rosado","in stock","new","4.50 PEN","https://www.woolyimports.com/catalogo/producto.html?id=FP9048OTR","https://dl.dropboxusercontent.com/scl/fi/gfbmkluo1i37zrid04cs4/FP9048OTR.jpg?rlkey=n8q9nvewucs3r7r2oeeuvpo8h&st=ccil1vr1&raw=1","Wooly Imports","Arts & Entertainment > Party & Celebration"
"AKT-RG601","Tulipan siliconado x10 varrillas","rosado bb, rosado chicle, naranja, amarillo, azul, celes y rojo","in stock","new","30.00 PEN","https://www.woolyimports.com/catalogo/producto.html?id=AKT-RG601","https://dl.dropboxusercontent.com/scl/fi/ph552mf8slww7jvb9j53m/AKT-RG601.jpg?rlkey=g7tmyg7wojzvbfuyrn2ued09g&st=tb9mtiu2&raw=1","Wooly Imports","Home & Garden > Decor"
"AKT-RG600A","Tulipan Amarillos x9 Cabezas","Amarillo","in stock","new","8.00 PEN","https://www.woolyimports.com/catalogo/producto.html?id=AKT-RG600A","https://dl.dropboxusercontent.com/scl/fi/g51b8a7bdh604y0a0pwd7/AKT-RG600A.jpg?rlkey=5flglf4d4nu8uoudakvmhhci8&st=7jkagtu1&raw=1","Wooly Imports","Home & Garden > Decor"
"CA4005BOL","Caja peluchera portátil 20*16*30cm","caja para peluche,detalle para regalo,box para sorpresa","in stock","new","8.00 PEN","https://www.woolyimports.com/catalogo/producto.html?id=CA4005BOL","https://dl.dropboxusercontent.com/scl/fi/04kovtgtymc9cddpmc1in/CA2208SET3.jpg?rlkey=y835le9hw9wi14wp8evs6pj5p&st=sr0eme3e&raw=1","Wooly Imports","Arts & Entertainment > Gift Giving"
"CJFO","Caja Just For You ovalada","regalo personalizado,detalle elegante flores,amor sorpresa","in stock","new","7.00 PEN","https://www.woolyimports.com/catalogo/producto.html?id=CJFO","https://dl.dropboxusercontent.com/scl/fi/unnb6k1f2ic2hkp0fefmb/CJFO_2.jpg?rlkey=p7hjwf3ee53zlm6vpsyuzufo2&st=0fvxirh6&raw=1","Wooly Imports","Arts & Entertainment > Gift Giving"
"LDMDA01","Llavero de mi dragon con alas 12cm","Llavero dragón con alas decorativo","in stock","new","15.00 PEN","https://www.woolyimports.com/catalogo/producto.html?id=LDMDA01","https://dl.dropboxusercontent.com/scl/fi/roj7kunkrgb1quc1in2jg/LDMDA01.jpg?rlkey=g6ugm4ryrek6h3exkex0nqe02&st=bnmkp5dd&raw=1","Wooly Imports","Arts & Entertainment > Party & Celebration"
"LLUFY02","Llavero de luffy 12cm","Llavero Luffy diseño anime","in stock","new","15.00 PEN","https://www.woolyimports.com/catalogo/producto.html?id=LLUFY02","https://dl.dropboxusercontent.com/scl/fi/r6z5dtynl6sw0gvb2m6pg/LLUFY02.png?rlkey=8plx5554kg5hehf5omboz3plm&st=bifa472r&raw=1","Wooly Imports","Arts & Entertainment > Party & Celebration"
"LSNBB04","Llavero de snoope basquetbol 12cm","Llavero Snoopy basquetbol deportivo","in stock","new","15.00 PEN","https://www.woolyimports.com/catalogo/producto.html?id=LSNBB04","https://dl.dropboxusercontent.com/scl/fi/2mneb8p6h5bfbuxz9kq47/LSNBB04.png?rlkey=uihvovpamxzrbhd42ubigtruy&st=ofquvv3b&raw=1","Wooly Imports","Arts & Entertainment > Party & Celebration"
"PCEKUR22","peluche cerdita disfrazado de kuromy 22cm","peluche cerdita disfrazado de kurommy con su biberon","in stock","new","25.00 PEN","https://www.woolyimports.com/catalogo/producto.html?id=PCEKUR22","https://dl.dropboxusercontent.com/scl/fi/bvcckp9seiaqd3qckx3wd/PCEKUR22.jpg?rlkey=sufbb5tmnwnhdy783h3eqld15&st=vuxeuh2y&raw=1","Wooly Imports","Toys & Games > Toys > Dolls, Playsets & Toy Figures"
"4653-2525","Ramo de helecho x5 tallos","decoración moderna, planta decorativa, elegante, arreglos florales","in stock","new","5.00 PEN","https://www.woolyimports.com/catalogo/producto.html?id=4653-2525","https://dl.dropboxusercontent.com/scl/fi/euqx6hjy4hph6r825qyyn/4653-2525.jpg?rlkey=073k276r7tixzuoxvzih6axrm&st=nwx5lvt5&raw=1","Wooly Imports","Home & Garden > Decor"
"FP9010OTR","Flores de foamy x50 unidades","flores artificiales realistas, látex, elegante, decoración premium","in stock","new","35.00 PEN","https://www.woolyimports.com/catalogo/producto.html?id=FP9010OTR","https://dl.dropboxusercontent.com/scl/fi/wtsyd6a24nod6ldfj19kx/FP9010OTR.jpg?rlkey=0aesemnugxytk3d96ekuullzm&st=wbt0ehzn&raw=1","Wooly Imports","Home & Garden > Decor"
"AKT-RS806","Ramo de dalias pequeñas x5 tallos","flor de loto decorativos, flores calidas, alegre, vibrante, decoración moderna","in stock","new","5.00 PEN","https://www.woolyimports.com/catalogo/producto.html?id=AKT-RS806","https://dl.dropboxusercontent.com/scl/fi/f6cv93hb3jtjblfapul2x/AKT-RS806.jpg?rlkey=0mokphsxck8vma4xn02ok2zro&st=rlqgn123&raw=1","Wooly Imports","Home & Garden > Decor"
"AKT-RS150","Ramo de mini rosas con margarita otoñal x5 tallos","elegante, cálido, decoración floral, flores pequeñas","in stock","new","6.00 PEN","https://www.woolyimports.com/catalogo/producto.html?id=AKT-RS150","https://dl.dropboxusercontent.com/scl/fi/qbd2amcbygmfq5wh31wme/AKT-RS150.jpg?rlkey=2ff26uyfbwk0pvq0e5ftgomz3&st=nss59m40&raw=1","Wooly Imports","Home & Garden > Decor"
"QFwsyCBdk","Ramo de crisantemos con gerberas x5 tallos","elegante, romántico, flores decorativas, regalo especial","in stock","new","6.00 PEN","https://www.woolyimports.com/catalogo/producto.html?id=QFwsyCBdk","https://dl.dropboxusercontent.com/scl/fi/c8pf8cn7rgf5rv4l26ktl/QFwsyCBdk.jpg?rlkey=bx246s9kk1byd0odtnfps2p8d&st=7ykkibsi&raw=1","Wooly Imports","Home & Garden > Decor"
"RRGMN01","Ramo de rosas grandes con margaritas nieve x12 tallos","clásico, romántico, aniversario, regalo elegante","in stock","new","22.00 PEN","https://www.woolyimports.com/catalogo/producto.html?id=RRGMN01","https://dl.dropboxusercontent.com/scl/fi/qlxe98tedi8b3l9945xcu/RRGMN01.jpg?rlkey=dc7l61mkc7boipl1bxlttm1c4&st=2ldjnk59&raw=1","Wooly Imports","Home & Garden > Decor"
"RRA11T01","Ramo de rosas abiertas x11 tallos","flores primaverales, elegante, decoración floral, colores suaves","in stock","new","20.00 PEN","https://www.woolyimports.com/catalogo/producto.html?id=RRA11T01","https://dl.dropboxusercontent.com/scl/fi/lmloqt4rwr99gxda3w5s8/RRA11T01.jpg?rlkey=cpxr13wz07zjcys35he773w5i&st=iyzsu6bj&raw=1","Wooly Imports","Home & Garden > Decor"
"RPMP01","Ramo de peonías con margaritas primaverales x5 tallos","decoración natural, follaje verde, relleno floral","in stock","new","6.00 PEN","https://www.woolyimports.com/catalogo/producto.html?id=RPMP01","https://dl.dropboxusercontent.com/scl/fi/nha41gvk0a4j3uruenl5r/RPMP01.jpg?rlkey=obut0mdrgytrlpu6t3j1b29o1&st=kygsub8y&raw=1","Wooly Imports","Home & Garden > Decor"
"RRDBCH-04","Ramo de rosas boton chico x20 tallos","Ramo de rosas boton chico en 4 colores rosado, celeste con detalles brillantes, azul y rojo4 colores, rosado, rojo, azul y celeste con detalles de brillo","in stock","new","15.00 PEN","https://www.woolyimports.com/catalogo/producto.html?id=RRDBCH-04","https://dl.dropboxusercontent.com/scl/fi/sczpnixajheaoezhy8ba7/RRDBCH-04.jpg?rlkey=estddnqfeepl7dfmuu0gqeg7t&st=cxysqfpb&raw=1","Wooly Imports","Home & Garden > Decor"
"7017G09","Peluche Teddy con capucha y logo verde/amarillo 26cm","Teddy, capucha, regalo tierno, oso peluche, adorable","in stock","new","25.00 PEN","https://www.woolyimports.com/catalogo/producto.html?id=7017G09","https://dl.dropboxusercontent.com/scl/fi/t9nn9z6tfq99x70hhjvga/G09.jpg?rlkey=gy1kkxfvoj8iomz7r6jrwimtj&st=f4hqcv5d&raw=1","Wooly Imports","Toys & Games > Toys > Dolls, Playsets & Toy Figures"
"7017G708","Peluche pingüino (pintor, pescador y cocinero) 22cm","pingüino, cocinero, pescador, pintor, colección, divertido","in stock","new","25.00 PEN","https://www.woolyimports.com/catalogo/producto.html?id=7017G708","https://dl.dropboxusercontent.com/scl/fi/xkebbkh9q78elm21wk6rt/G708.jpg?rlkey=7hj4nmfzyb5hx7hq9xkzdoqt3&st=1xjnso4t&raw=1","Wooly Imports","Toys & Games > Toys > Dolls, Playsets & Toy Figures"
"PAR18CM","Peluche oso parche pareja jean 14cm","oso parche, regalo bonito, peluche suave","in stock","new","30.00 PEN","https://www.woolyimports.com/catalogo/producto.html?id=PAR18CM","https://dl.dropboxusercontent.com/scl/fi/ni2xersbryvm3lozng8dc/PAR18CM.jpg?rlkey=n4tuu0wjil6hr6sydfzc3x0sg&st=h7reaxcl&raw=1","Wooly Imports","Toys & Games > Toys > Dolls, Playsets & Toy Figures"
"OmspEvkTI","Peluche oso parche chaleco camisa 18cm","oso chompa, regalo invierno, peluche tierno","in stock","new","15.00 PEN","https://www.woolyimports.com/catalogo/producto.html?id=OmspEvkTI","https://dl.dropboxusercontent.com/scl/fi/hu12v4keje6dx3upx3ek8/OmspEvkTI.jpg?rlkey=pmuvn13gmpeieadh650nmhdjl&st=yakn4yfx&raw=1","Wooly Imports","Toys & Games > Toys > Dolls, Playsets & Toy Figures"
"OS001","Peluche oso peludito 18cm","oso peludo, suave, abrazo, regalo amor","in stock","new","15.00 PEN","https://www.woolyimports.com/catalogo/producto.html?id=OS001","https://dl.dropboxusercontent.com/scl/fi/ppfi9cxj0rh43mwpkkbgz/OS001.jpg?rlkey=igevu86dvltyqmrp29opordnr&st=4m93xsix&raw=1","Wooly Imports","Toys & Games > Toys > Dolls, Playsets & Toy Figures"
"o7VYl4dff","Peluche oso con rosa 23cm","oso rosa, romántico, regalo pareja, San Valentín","in stock","new","20.00 PEN","https://www.woolyimports.com/catalogo/producto.html?id=o7VYl4dff","https://dl.dropboxusercontent.com/scl/fi/97wlhrrlbyh0bux39azaz/o7VYl4dff.jpg?rlkey=58gnj5ggsuapdq64koskxuojx&st=vkexq5h5&raw=1","Wooly Imports","Toys & Games > Toys > Dolls, Playsets & Toy Figures"
"NQKZxcxNh","Peluche monito con manito 25cm","monito, abrazo, regalo divertido, kawaii","in stock","new","22.00 PEN","https://www.woolyimports.com/catalogo/producto.html?id=NQKZxcxNh","https://dl.dropboxusercontent.com/scl/fi/g7910iqiorry589lpymxp/NQKZxcxNh.jpg?rlkey=auf2adwrmkh3k2k9r5vqefwot&st=ikc3gk7h&raw=1","Wooly Imports","Toys & Games > Toys > Dolls, Playsets & Toy Figures"
"GpxGCJSkf","Peluche vaca de patas largas 20cm","vaca patas largas, kawaii, tierno, decoración","in stock","new","25.00 PEN","https://www.woolyimports.com/catalogo/producto.html?id=GpxGCJSkf","https://dl.dropboxusercontent.com/scl/fi/lojit091z6nws0r3qyoc6/GpxGCJSkf.jpg?rlkey=ougnliso9bjqqnsf5vdssncfv&st=169pv7h5&raw=1","Wooly Imports","Toys & Games > Toys > Dolls, Playsets & Toy Figures"
"14654645","Peluche oso con overol a rayas 18cm","oso overol, regalo tierno, decoración","in stock","new","12.00 PEN","https://www.woolyimports.com/catalogo/producto.html?id=14654645","https://dl.dropboxusercontent.com/scl/fi/09467i3zxhq33bjy7ka0t/14654645.jpg?rlkey=6yo0zk1dm13w83voosf46bcuk&st=26hru5la&raw=1","Wooly Imports","Toys & Games > Toys > Dolls, Playsets & Toy Figures"
"naJnvl8r","Peluche Hombre Araña 23cm","Hombre Araña, Marvel, superhéroe, regalo niño","in stock","new","20.00 PEN","https://www.woolyimports.com/catalogo/producto.html?id=naJnvl8r","https://dl.dropboxusercontent.com/scl/fi/a2dj79rjd4ru3dbnohmt8/70PGV08.jpg?rlkey=3uiy6yerrv4abxq1esoesyn8d&st=zp6v6t10&raw=1","Wooly Imports","Toys & Games > Toys > Dolls, Playsets & Toy Figures"
"70PGV08","Peluche Goku 23cm","Goku, anime, Dragon Ball, colección","in stock","new","20.00 PEN","https://www.woolyimports.com/catalogo/producto.html?id=70PGV08","https://dl.dropboxusercontent.com/scl/fi/l446ee8li7eicwxdsujzn/70PGV09.jpg?rlkey=zvkhozwryd1q8vr5ftccmnlni&st=r5hmxjp8&raw=1","Wooly Imports","Toys & Games > Toys > Dolls, Playsets & Toy Figures"
"TD001","Peluche Teddy con corazón 25cm","Teddy corazón, romántico, regalo amor, San Valentín","in stock","new","24.00 PEN","https://www.woolyimports.com/catalogo/producto.html?id=TD001","https://dl.dropboxusercontent.com/scl/fi/akwl6ki73jisfvto84q70/TD001.jpg?rlkey=37zuufj16g91evxegyvs487hv&st=evbddno0&raw=1","Wooly Imports","Toys & Games > Toys > Dolls, Playsets & Toy Figures"
"P-07423","Peluche Lotso con paleta 21cm","Lotso, Toy Story, colección, regalo Disney","in stock","new","25.00 PEN","https://www.woolyimports.com/catalogo/producto.html?id=P-07423","https://dl.dropboxusercontent.com/scl/fi/00jqbiugm3je6mcx58sw1/P-07423.jpg?rlkey=j7tzy4kz7kg9id7hc0ma7y2x9&st=n823o5xk&raw=1","Wooly Imports","Toys & Games > Toys > Dolls, Playsets & Toy Figures"
"MKL0036X","Peluche Stitch y Ángel pastel 24cm","Stitch y Ángel, Disney, pareja, regalo romántico","in stock","new","25.00 PEN","https://www.woolyimports.com/catalogo/producto.html?id=MKL0036X","https://dl.dropboxusercontent.com/scl/fi/053nmhn1rwffiouudpurk/MKL0036X.jpg?rlkey=ygsdy8uwr9tr3v8b1x08g45qm&st=5a3ztkkf&raw=1","Wooly Imports","Toys & Games > Toys > Dolls, Playsets & Toy Figures"
"CERDIT456","Peluche cerdito con corbata 24CM","cerdito corbata, elegante, kawaii","in stock","new","25.00 PEN","https://www.woolyimports.com/catalogo/producto.html?id=CERDIT456","https://dl.dropboxusercontent.com/scl/fi/25jg618uawf6t6bj9yzfu/CERDIT456.jpg?rlkey=vkr58njngku6buumq06nn6vq4&st=10dyivjl&raw=1","Wooly Imports","Toys & Games > Toys > Dolls, Playsets & Toy Figures"
"labu002","Peluche Lotso y Cinnamoroll 22cm","Lotso y Cinnamoroll, Sanrio, kawaii, colección","in stock","new","25.00 PEN","https://www.woolyimports.com/catalogo/producto.html?id=labu002","https://dl.dropboxusercontent.com/scl/fi/lsikna97nv869tohd1n5h/labu002.jpg?rlkey=k3iwscrpfad8maeux7o89mndg&st=m50baojj&raw=1","Wooly Imports","Toys & Games > Toys > Dolls, Playsets & Toy Figures"
"P07410","Peluche oso corazón 18cm","oso corazón, romántico, detalle amor","in stock","new","14.00 PEN","https://www.woolyimports.com/catalogo/producto.html?id=P07410","https://dl.dropboxusercontent.com/scl/fi/1agr5lellz5p906bartxd/P07410.jpg?rlkey=zyhihad3wew7i0wxy2l8rflg8&st=ad4p4ec6&raw=1","Wooly Imports","Toys & Games > Toys > Dolls, Playsets & Toy Figures"
"P07412","Peluche oso disfrazado de Stitch y Lucifer 40 cm","Stitch, Lucifer, disfraz, colección","in stock","new","50.00 PEN","https://www.woolyimports.com/catalogo/producto.html?id=P07412","https://dl.dropboxusercontent.com/scl/fi/a4vhvrc1bv6frp8hcmial/P07412.jpg?rlkey=83z950w5q9ny18ieggqd1koik&st=6zm6mtfl&raw=1","Wooly Imports","Toys & Games > Toys > Dolls, Playsets & Toy Figures"
"G1496","Peluche mono abrazador 33cm","mono abrazador, abrazo, regalo amor","in stock","new","20.00 PEN","https://www.woolyimports.com/catalogo/producto.html?id=G1496","https://dl.dropboxusercontent.com/scl/fi/70gxfhpntjw70bmx8vxf2/G1496.jpg?rlkey=0owffyhjmk0tc4n8kwb6gnyk9&st=bgqax5ay&raw=1","Wooly Imports","Toys & Games > Toys > Dolls, Playsets & Toy Figures"
"OSF001","Peluche oso futbolero económico 20cm","oso futbolero, equipo fútbol, regalo hincha","in stock","new","15.00 PEN","https://www.woolyimports.com/catalogo/producto.html?id=OSF001","https://dl.dropboxusercontent.com/scl/fi/m0vhbgjj6zia4q8tj0gr5/OSF001.jpg?rlkey=nx2bk6zkoe6h9dtx33q172mj3&st=eu0605x9&raw=1","Wooly Imports","Toys & Games > Toys > Dolls, Playsets & Toy Figures"
"PEF002","Peluche cerdo equipo de fútbol 24cm","cerdo fútbol, regalo futbolero, hincha","in stock","new","22.00 PEN","https://www.woolyimports.com/catalogo/producto.html?id=PEF002","https://dl.dropboxusercontent.com/scl/fi/cd1d29ckfjd803p27ybn4/PEF002.jpg?rlkey=udvqm2ykhg46t3q8pom8d0521&st=uvzipt08&raw=1","Wooly Imports","Toys & Games > Toys > Dolls, Playsets & Toy Figures"
"PCU003","Peluche cerdo unicornio 24cm","cerdo unicornio, kawaii, fantasía","in stock","new","22.00 PEN","https://www.woolyimports.com/catalogo/producto.html?id=PCU003","https://dl.dropboxusercontent.com/scl/fi/0b914rua98kgu3qdekifw/PCU003.jpg?rlkey=oakv3igskxgfgq56f57rkwufj&st=preer8is&raw=1","Wooly Imports","Toys & Games > Toys > Dolls, Playsets & Toy Figures"
"PCSH006","Peluche cerdo superhéroes 24cm","cerdo superhéroe, Marvel, regalo niño","in stock","new","22.00 PEN","https://www.woolyimports.com/catalogo/producto.html?id=PCSH006","https://dl.dropboxusercontent.com/scl/fi/j1wn7nnq5m4jkurphxz8y/PCSH006.jpg?rlkey=jtkkvsj9xag1z0or6gjavs2nm&st=o7lpggd5&raw=1","Wooly Imports","Toys & Games > Toys > Dolls, Playsets & Toy Figures"
"PCC004","Peluche cerdo quico 24cm","cerdo colorido, kawaii, decoración","in stock","new","22.00 PEN","https://www.woolyimports.com/catalogo/producto.html?id=PCC004","https://dl.dropboxusercontent.com/scl/fi/5642aurt7e0d4zgkk1dwo/PCC004.jpg?rlkey=qh205c6mfh374fxf5yedg2291&st=czqudnh4&raw=1","Wooly Imports","Toys & Games > Toys > Dolls, Playsets & Toy Figures"
"PCS005","Peluche cerdo Stitch 24cm","cerdo Stitch, Disney, kawaii, colección","in stock","new","22.00 PEN","https://www.woolyimports.com/catalogo/producto.html?id=PCS005","https://dl.dropboxusercontent.com/scl/fi/x5ec5muz94bhhbcmpl1on/PCS005.jpg?rlkey=zq9dhvkty4tm791hj13wm01b6&st=h1q95idz&raw=1","Wooly Imports","Toys & Games > Toys > Dolls, Playsets & Toy Figures"
"POING27","Peluche oso ingeniero 27cm","osito con casco y su chaleco","in stock","new","20.00 PEN","https://www.woolyimports.com/catalogo/producto.html?id=POING27","https://dl.dropboxusercontent.com/scl/fi/dzmlyuwq8ww6b9esmbz87/POING27.jpg?rlkey=i06f842jlv5av4swxjr88y1hj&st=sn0sgc2j&raw=1","Wooly Imports","Toys & Games > Toys > Dolls, Playsets & Toy Figures"
"POINGJE33","Peluche oso ingeniero jean 33cm","oso con camisa, chaleco y jean","in stock","new","22.00 PEN","https://www.woolyimports.com/catalogo/producto.html?id=POINGJE33","https://dl.dropboxusercontent.com/scl/fi/rtcyrfavl4rypmcxfgv84/POINGJE33.jpg?rlkey=8vxzyotvadk6cwjmtgmjgljn5&st=uzsuqqjr&raw=1","Wooly Imports","Toys & Games > Toys > Dolls, Playsets & Toy Figures"
"POCV01","Peluche Osito Chiquito Modelos Varios 15cm","Peluche osito de tamaño pequeño disponible en diversos diseños y colores. Ideal para regalos, arreglos florales, detalles personalizados y campañas especiales.","in stock","new","10.00 PEN","https://www.woolyimports.com/catalogo/producto.html?id=POCV01","https://dl.dropboxusercontent.com/scl/fi/hhoqf98pkdhjfoppvvtdw/POCV01.jpg?rlkey=yn8whf9803ji3eiwnsxqfmh95&st=v0ael3cd&raw=1","Wooly Imports","Toys & Games > Toys > Dolls, Playsets & Toy Figures"
"POCH01","Peluche Osito Chelero 20cm","Peluche osito temático con diseño chelero, perfecto para regalos del Día del Padre, canastas, cajas sorpresa y detalles personalizados.","in stock","new","12.00 PEN","https://www.woolyimports.com/catalogo/producto.html?id=POCH01","https://dl.dropboxusercontent.com/scl/fi/ro1sqgmu40m6pdbevhwhz/POCH01.jpg?rlkey=f1w8eba296v9j357h7700zw36&st=jfv9rpne&raw=1","Wooly Imports","Toys & Games > Toys > Dolls, Playsets & Toy Figures"
"POCC01","peluche osito de la u de chile,colo colo 20cm","Peluche osito con temática del club Colo-Colo, la u de Chile ideal para hinchas, regalos personalizados, arreglos florales y fechas especiales.","in stock","new","13.00 PEN","https://www.woolyimports.com/catalogo/producto.html?id=POCC01","https://dl.dropboxusercontent.com/scl/fi/obdcgvm8bqqmqxeyhxxqb/POCC01.jpg?rlkey=wt7vhlw0anggnoeqj1t552mwk&st=9vnv6uij&raw=1","Wooly Imports","Toys & Games > Toys > Dolls, Playsets & Toy Figures"
"PSNP36","Peluche Snoopy sentado con polo 36cm","Peluches Snoopy con polo rojo y azul sentado","in stock","new","45.00 PEN","https://www.woolyimports.com/catalogo/producto.html?id=PSNP36","https://dl.dropboxusercontent.com/scl/fi/rlck1soi56nueh1i75e6z/PSNCHO.jpg?rlkey=uq4rxk4wa4z3tijhgudmw1p64&st=4s5nmn5r&raw=1","Wooly Imports","Toys & Games > Toys > Dolls, Playsets & Toy Figures"
"PSCHT25","Stich termico 25cm","Peluche termico para colicos","in stock","new","60.00 PEN","https://www.woolyimports.com/catalogo/producto.html?id=PSCHT25","https://dl.dropboxusercontent.com/scl/fi/lrpasu1c7d9dyzppicjo5/PSCHT25.jpg?rlkey=thqm7cdd4ota2k2h1c6h09lnu&st=4sk11w0r&raw=1","Wooly Imports","Toys & Games > Toys > Dolls, Playsets & Toy Figures"
"PSCHPT25","Peluche Stich abrazado pato 25cm","Peluche stich abrazando a su mini pato","in stock","new","25.00 PEN","https://www.woolyimports.com/catalogo/producto.html?id=PSCHPT25","https://dl.dropboxusercontent.com/scl/fi/yro5r89m7942nwztfkw8j/PSCHPT25.jpg?rlkey=14qiapq5rj0kp1w05rc6ffb8r&st=igyx5ltu&raw=1","Wooly Imports","Toys & Games > Toys > Dolls, Playsets & Toy Figures"
"PCRT25","Peluche Cerdito con tirantes y moño 25cm","Peluche con tirantes, moño y corbata","in stock","new","25.00 PEN","https://www.woolyimports.com/catalogo/producto.html?id=PCRT25","https://dl.dropboxusercontent.com/scl/fi/3x2tubjrjqmq2ph5jp24z/PCRT25.jpg?rlkey=u9ytago8bjxxnvam21zv3e16y&st=pfb941fe&raw=1","Wooly Imports","Toys & Games > Toys > Dolls, Playsets & Toy Figures"
"PPTOM24","Peluche pato con overol y moño rojo 24cm","Peluche con overol azul, verde con tirantes y michi rojo","in stock","new","20.00 PEN","https://www.woolyimports.com/catalogo/producto.html?id=PPTOM24","https://dl.dropboxusercontent.com/scl/fi/ks7824q80hzrk77ne6cgu/PPTOM24.jpg?rlkey=a2wxrklm63j3z0212xrs0kmep&st=zott03f6&raw=1","Wooly Imports","Toys & Games > Toys > Dolls, Playsets & Toy Figures"
"wKbZeyagU18","Peluche Oso graduado con lentes 18cm","Peluche oso graduado color cafe y blanco con lentes","in stock","new","20.00 PEN","https://www.woolyimports.com/catalogo/producto.html?id=wKbZeyagU18","https://dl.dropboxusercontent.com/scl/fi/hxaylnzr07mxziua4kuqx/wKbZeyagU18.jpg?rlkey=kz2blee337dwha98a1a3uoxp7&st=euz7q1k0&raw=1","Wooly Imports","Toys & Games > Toys > Dolls, Playsets & Toy Figures"
"PKMBRI32","Peluche Kuromy y Melody con brillo 32cm","Peluche kuromy y melody con vestido brillo","in stock","new","48.00 PEN","https://www.woolyimports.com/catalogo/producto.html?id=PKMBRI32","https://dl.dropboxusercontent.com/scl/fi/tqa3nn086uhu7lkxizerj/PKMBRI32.jpg?rlkey=wmngtci1rcsjpfbhhq5sk92fo&st=edreyhn9&raw=1","Wooly Imports","Toys & Games > Toys > Dolls, Playsets & Toy Figures"
"PLUCIF25","Peluche Lucifer pomposo 25cm","Peluche gato lucifer pomposo con bigote","in stock","new","25.00 PEN","https://www.woolyimports.com/catalogo/producto.html?id=PLUCIF25","https://dl.dropboxusercontent.com/scl/fi/bg0gljl8kzdz6qxewjmhy/PLUCIF25.jpg?rlkey=jqzq2cntvxmu65xydvr7b1380&st=577yb26f&raw=1","Wooly Imports","Toys & Games > Toys > Dolls, Playsets & Toy Figures"
"PMONMO32","peluche monita pareja con vestido y moño 30cm","peluche monita con vestido y moño","in stock","new","25.00 PEN","https://www.woolyimports.com/catalogo/producto.html?id=PMONMO32","https://dl.dropboxusercontent.com/scl/fi/wo8ch5eaebbugdq8sugbh/PMONMO32.jpg?rlkey=46pkw5omczherk2c7r571e9qi&st=satknf9m&raw=1","Wooly Imports","Toys & Games > Toys > Dolls, Playsets & Toy Figures"
"POPV32","peluche oso profesional 32cm","peluche oso enfermero varios","in stock","new","30.00 PEN","https://www.woolyimports.com/catalogo/producto.html?id=POPV32","https://dl.dropboxusercontent.com/scl/fi/kgv9k8vm8pfht5ohj06wo/POPV32.jpg?rlkey=1ozt5lij71hlhekr9gi2f8jvd&st=txx5g9dw&raw=1","Wooly Imports","Toys & Games > Toys > Dolls, Playsets & Toy Figures"
"PKITRA19","peluche kitty con polo rayas con moño 19cm","peluche kitty con polo rayas con moño","in stock","new","25.00 PEN","https://www.woolyimports.com/catalogo/producto.html?id=PKITRA19","https://dl.dropboxusercontent.com/scl/fi/a6kjndxqn2il4qg13rwe8/PKITRA19.jpg?rlkey=z03sxp6liodl0f1mwrvlr8mja&st=mivwilbi&raw=1","Wooly Imports","Toys & Games > Toys > Dolls, Playsets & Toy Figures"
"POSSTI27","Peluche oso disfrazado de Stitch 27cm","Peluche oso disfrazado de Stitch","in stock","new","28.00 PEN","https://www.woolyimports.com/catalogo/producto.html?id=POSSTI27","https://dl.dropboxusercontent.com/scl/fi/8sb441y3nqw2d3ot2ep3z/POSSTI27.jpg?rlkey=tw2lzt8a6ybe9jwqzwtjn661m&st=x4ueqbp6&raw=1","Wooly Imports","Toys & Games > Toys > Dolls, Playsets & Toy Figures"
"PKIGAF19","peluche hello kitty con gafas vestido rosado 19cm","peluche hello kitty con gafas vestido rosado","in stock","new","18.00 PEN","https://www.woolyimports.com/catalogo/producto.html?id=PKIGAF19","https://dl.dropboxusercontent.com/scl/fi/rdj3uju923ykqitrrlem2/PKIGAF19.jpg?rlkey=0a7n9ewzlor8q822bdpb4d5fa&st=nss2v7m4&raw=1","Wooly Imports","Toys & Games > Toys > Dolls, Playsets & Toy Figures"
"PSTGRA29","peluche stitch cabezon con corazon 29cm","peluche stitch grande con corazon","in stock","new","40.00 PEN","https://www.woolyimports.com/catalogo/producto.html?id=PSTGRA29","https://dl.dropboxusercontent.com/scl/fi/wmb8myu9l4lkk3xkr1kq9/PSTGRA29.jpg?rlkey=g4hlk04nhz23igeaqw23uk2je&st=cbbh1u9k&raw=1","Wooly Imports","Toys & Games > Toys > Dolls, Playsets & Toy Figures"
"PSTMED17","peluche stitch y angela mediano con corazon 25cm","peluche stitch mediano con corazon","in stock","new","25.00 PEN","https://www.woolyimports.com/catalogo/producto.html?id=PSTMED17","https://dl.dropboxusercontent.com/scl/fi/g9z9v2ikoq2krwm1hk0jt/PSTMED17.jpg?rlkey=98xerkcia9uh4huashii5jey6&st=0lzhq5q8&raw=1","Wooly Imports","Toys & Games > Toys > Dolls, Playsets & Toy Figures"
"STM-0120","peluche stitch con muñeco/pato 20cm","peluche stitch con muñeco y pato dos modelos","in stock","new","22.00 PEN","https://www.woolyimports.com/catalogo/producto.html?id=STM-0120","https://dl.dropboxusercontent.com/scl/fi/pzko4p6a4p7nbwwksr56y/STM-0120.jpg?rlkey=n6m8o9h7axxz5b38rzacjs7no&st=kdxjtbxj&raw=1","Wooly Imports","Toys & Games > Toys > Dolls, Playsets & Toy Figures"
"8024-3229","Papel coreano estilo Dior x 20 unidades","lujo, elegante, premium, estilo diseñador, bouquet premium","in stock","new","9.00 PEN","https://www.woolyimports.com/catalogo/producto.html?id=8024-3229","https://dl.dropboxusercontent.com/scl/fi/ra7otqg4v2xfqwj8tgq8n/20260228_174525.jpg?rlkey=hy9hme4989ohtpyxyh51ndbc2&st=y612gqgr&raw=1","Wooly Imports","Arts & Entertainment > Party & Celebration"
"6925-5037","Papel coreano Lotso x 20 unidades","Lotso, Disney, Toy Story, kawaii","in stock","new","12.00 PEN","https://www.woolyimports.com/catalogo/producto.html?id=6925-5037","https://dl.dropboxusercontent.com/scl/fi/oelvz2uqb54wklrkojlt8/20260228_163845.jpg?rlkey=wbntay4gb28iz57a5z919tw3f&st=f362dnp9&raw=1","Wooly Imports","Arts & Entertainment > Party & Celebration"
"espal12344","Papel coreano para espaldar x 10 unidades","elegante, bouquet flores, decoración floral","in stock","new","8.00 PEN","https://www.woolyimports.com/catalogo/producto.html?id=espal12344","https://dl.dropboxusercontent.com/scl/fi/yjya4ehrdsxg29fylw0hc/20260228_173240.jpg?rlkey=kuuumwac2avn2fbdepcvbiq2h&st=myjkiad1&raw=1","Wooly Imports","Arts & Entertainment > Party & Celebration"
"8002-2038","Papel coreano estilo periódico x 20 unidades","periódico, vintage, decoración ramo, estilo moderno","in stock","new","10.00 PEN","https://www.woolyimports.com/catalogo/producto.html?id=8002-2038","https://dl.dropboxusercontent.com/scl/fi/79k4b64w6j3qm3wv80tj7/20260228_165045.jpg?rlkey=apt10wwrk8vbhqyfjqaah2jmk&st=7ypbulxk&raw=1","Wooly Imports","Arts & Entertainment > Party & Celebration"
"PA1044CO","Papel coreano celofán con bordes de color x 20 unidades","celofán, transparente, decoración flores, bouquet elegante","in stock","new","8.50 PEN","https://www.woolyimports.com/catalogo/producto.html?id=PA1044CO","https://dl.dropboxusercontent.com/scl/fi/lqv6i747uwrf8dh55tod8/PA1044CO.jpeg?rlkey=dbktczn0okzrcs1ttsuiraxsc&st=ad5dj8qx&raw=1","Wooly Imports","Arts & Entertainment > Party & Celebration"
"PQ1214CO","Papel coreano Mamá x 20 unidades","mamá, Día de la Madre, regalo especial, flores mamá","in stock","new","10.00 PEN","https://www.woolyimports.com/catalogo/producto.html?id=PQ1214CO","https://dl.dropboxusercontent.com/scl/fi/847ghgaa0z7cbcuvzwbv6/PQ1214CO.jpeg?rlkey=eykgtiyiryw2zrb79t5ju2y1d&st=1h09mmdh&raw=1","Wooly Imports","Arts & Entertainment > Party & Celebration"
"PA1121CO","Papel coreano madre e hijo x 20 unidades","mamá e hijo, Día de la Madre, regalo especial","in stock","new","10.00 PEN","https://www.woolyimports.com/catalogo/producto.html?id=PA1121CO","https://dl.dropboxusercontent.com/scl/fi/m355zzg5ut8wypup9i1cu/PA1121CO.jpeg?rlkey=3s1ofb89dg8h98zjrzwrr1cet&st=nxi98my9&raw=1","Wooly Imports","Arts & Entertainment > Party & Celebration"
"PA2004CO","Papel Envolorio Corrugado Artistico","corrugado, envoltura de flores, elgante, bouquet elegante","in stock","new","12.00 PEN","https://www.woolyimports.com/catalogo/producto.html?id=PA2004CO","https://dl.dropboxusercontent.com/scl/fi/srv2hpx4kxn34l1u35cu2/PAPEL-20.jpg?rlkey=hn9g4usomz9w3y7kciwmmkl5r&st=bsixl5jw&raw=1","Wooly Imports","Arts & Entertainment > Party & Celebration"
"PA2012CO","Papel Artistico","envoltorio flores, regalos, decoracion","in stock","new","12.00 PEN","https://www.woolyimports.com/catalogo/producto.html?id=PA2012CO","https://dl.dropboxusercontent.com/scl/fi/9pi6344gcgeywfwmv09wg/PAPEL-14.jpg?rlkey=b546vdq1uty9cs3hqw5vbo17j&st=ep5cv61b&raw=1","Wooly Imports","Arts & Entertainment > Party & Celebration"
"PA2013CO","Papel para Centro Rosas Love Is The Only Eternily","bouquet, decoracion, centro de ramo, envoltura para rosas","in stock","new","12.00 PEN","https://www.woolyimports.com/catalogo/producto.html?id=PA2013CO","https://dl.dropboxusercontent.com/scl/fi/8l4y7gwgofm69vindsski/PAPEL-13.jpg?rlkey=pkfn30ti8ab57wcen3lf9bnl4&st=nuuhz66y&raw=1","Wooly Imports","Arts & Entertainment > Party & Celebration"
"PA2014CO","Papel Coreano con Figura Abstractas","decoracion, envoltura para regalos, arreglos florales","in stock","new","15.00 PEN","https://www.woolyimports.com/catalogo/producto.html?id=PA2014CO","https://dl.dropboxusercontent.com/scl/fi/u5t454y4m7y87ll1nyle7/PAPEL-12.jpg?rlkey=4xlwjy0l3p8r5ksvte4oxqbg4&st=r1ucz6ki&raw=1","Wooly Imports","Arts & Entertainment > Party & Celebration"
"PA2016CO","Papel para Centro Love Of Nature c/n Rosas Otonales","centro de ramo, romantico, decoracion flores","in stock","new","10.00 PEN","https://www.woolyimports.com/catalogo/producto.html?id=PA2016CO","https://dl.dropboxusercontent.com/scl/fi/nk0o9fizkaz9qru04384h/PAPEL-10.jpg?rlkey=jpnzcji86jds94m35cbb8kdar&st=3oo0108e&raw=1","Wooly Imports","Arts & Entertainment > Party & Celebration"
"PA2019CO","Papel Envoltura Corugado","corrugado, envoltura de flores, elgante, bouquet elegante, vintage","in stock","new","15.00 PEN","https://www.woolyimports.com/catalogo/producto.html?id=PA2019CO","https://dl.dropboxusercontent.com/scl/fi/5vjh3wdv59vz3021mumg3/PAPEL-7.jpg?rlkey=qxqyuq0b28idefc0aoeinr3ad&st=03leub67&raw=1","Wooly Imports","Arts & Entertainment > Party & Celebration"
"PA2021CO","Papel Bordado","romantico, envoltorio para flores, elegante, bouquet, decoracion floral","in stock","new","9.00 PEN","https://www.woolyimports.com/catalogo/producto.html?id=PA2021CO","https://dl.dropboxusercontent.com/scl/fi/0izsuc0srvz1y7o15lo24/PAPEL-5.jpg?rlkey=0ex3kel12kou46y2o3i9zwq86&st=tk99r3gr&raw=1","Wooly Imports","Arts & Entertainment > Party & Celebration"
"CA2187SET","Set 3 cajas corazón hojas 25cm","caja para amor,detalle floral regalo,corazon decorativo","in stock","new","20.00 PEN","https://www.woolyimports.com/catalogo/producto.html?id=CA2187SET","https://dl.dropboxusercontent.com/scl/fi/mllhy1qr6ofbujkysks4k/CA2187SET.jpg?rlkey=nd5muftu0bveg572486q0vgoe&st=2vpjiqe1&raw=1","Wooly Imports","Arts & Entertainment > Gift Giving"
"CJMR0JUST","Caja decorativa Just For You 40cm","regalo personalizado,detalle para flores,box elegante amor","in stock","new","5.00 PEN","https://www.woolyimports.com/catalogo/producto.html?id=CJMR0JUST","https://dl.dropboxusercontent.com/scl/fi/7k4f4fzm9oee0jr46kpue/Caja-mariposa-desarmable-con-borde-dorado-40cm.jpg?rlkey=aivji3tq1t48pvm1omczzahii&st=mym20zou&raw=1","Wooly Imports","Arts & Entertainment > Gift Giving"
"5962410315042","Caja mariposa dorada desarmable 40cm","caja elegante regalo,detalle para flores,box decorativo","in stock","new","5.00 PEN","https://www.woolyimports.com/catalogo/producto.html?id=5962410315042","https://dl.dropboxusercontent.com/scl/fi/hm3y873bx43u6dnilci0a/img_disp.jpg?rlkey=zptj17v7lajk0mo4vvqy2133r&st=6xgmmct3&raw=1","Wooly Imports","Arts & Entertainment > Gift Giving"
"qzvUMEE4r","Caja transparente borde negro/blanco 13*16cm","caja transparente regalo,detalle elegante flores,box premium","in stock","new","4.00 PEN","https://www.woolyimports.com/catalogo/producto.html?id=qzvUMEE4r","https://dl.dropboxusercontent.com/scl/fi/0ozd686y89dbeal50tr2m/qzvUMEE4r.jpg?rlkey=z234xvn2kadt937u69q7fqtj7&st=gv4aobop&raw=1","Wooly Imports","Arts & Entertainment > Gift Giving"
"CA4147BOL","Bolsa cartera PVC talla L","bolsa para regalo,detalle elegante flores,empaque premium","in stock","new","8.00 PEN","https://www.woolyimports.com/catalogo/producto.html?id=CA4147BOL","https://dl.dropboxusercontent.com/scl/fi/kcl7d9es750feqwzyr0y8/20251029_160128-1.jpg?rlkey=dfmo5yf5a65ddy4wct1ryybc4&st=ywvw5bgs&raw=1","Wooly Imports","Arts & Entertainment > Gift Giving"
"CA4076BOL","Cartera acetato cristal 32*36*10cm","cartera elegante regalo,detalle premium flores,regalo sorpresa","in stock","new","12.00 PEN","https://www.woolyimports.com/catalogo/producto.html?id=CA4076BOL","https://dl.dropboxusercontent.com/scl/fi/koqfpm4dmyab80wc6bmfa/20260304_145859.jpg?rlkey=4gzth8wikhbztaxcukkuhe8cq&st=7an1u7iz&raw=1","Wooly Imports","Arts & Entertainment > Gift Giving"
"zDqp5h8Za","Set 3 cajas Trupan 25*18*10cm; 23*16*9cm; 20*14*8cm","caja madera regalo,detalle elegante flores,box para sorpresa","in stock","new","10.00 PEN","https://www.woolyimports.com/catalogo/producto.html?id=zDqp5h8Za","https://dl.dropboxusercontent.com/scl/fi/xlcn6q7sp7pwk7o75dt9l/zDqp5h8Za.jpg?rlkey=wrw5kv6b5ol93vwhvjhy9ig5f&st=gu2hzf75&raw=1","Wooly Imports","Arts & Entertainment > Gift Giving"
"CAJABANDE3494","Set 2 cajas pino formas","caja madera regalo,detalle para flores,box para sorpresa","in stock","new","30.00 PEN","https://www.woolyimports.com/catalogo/producto.html?id=CAJABANDE3494","https://dl.dropboxusercontent.com/scl/fi/v4oi6dmh64g5ihuff2a2r/CAJABANDE3494.jpg?rlkey=b8g8n5t7tj0406k2gchr1gexs&st=1ytb8tdk&raw=1","Wooly Imports","Arts & Entertainment > Gift Giving"
"DESATRUPA23","Bandeja desayunera tablero redondo","desayuno sorpresa,bandeja para regalo,detalle para amor","in stock","new","18.00 PEN","https://www.woolyimports.com/catalogo/producto.html?id=DESATRUPA23","https://dl.dropboxusercontent.com/scl/fi/r2mjgblsguvmrc04snlsy/DESATRUPA23.jpg?rlkey=i2wylvr6n8e5pgzo9l0tj69wd&st=0h0rnwqd&raw=1","Wooly Imports","Arts & Entertainment > Gift Giving"
"SET834895","Set 3 cajas ventana 30*28*10cm","caja con ventana,detalle elegante flores,box para regalo","in stock","new","45.00 PEN","https://www.woolyimports.com/catalogo/producto.html?id=SET834895","https://dl.dropboxusercontent.com/scl/fi/a2jgf8ota2u4b1pvegl68/SET834895.jpg?rlkey=gjp1qm5gt9hz40diewxc6f77g&st=3qlmf6ve&raw=1","Wooly Imports","Arts & Entertainment > Gift Giving"
"SET645985","Set 3 cajas circulares grandes 25*25cm","caja redonda regalo,detalle premium flores,box elegante","in stock","new","30.00 PEN","https://www.woolyimports.com/catalogo/producto.html?id=SET645985","https://dl.dropboxusercontent.com/scl/fi/hoqfziq2zch9b95p25bsc/SET645985.jpg?rlkey=vctd89lq1lt6bfklqy4583ltp&st=koosdfz3&raw=1","Wooly Imports","Arts & Entertainment > Gift Giving"
"CAROVAL8","Caja cartera mariposa ovalada 25*20*10cm","caja elegante regalo,detalle para flores,box premium","in stock","new","8.00 PEN","https://www.woolyimports.com/catalogo/producto.html?id=CAROVAL8","https://dl.dropboxusercontent.com/scl/fi/8ps0d4ih5mgekiidkk0nq/CAROVAL8.jpg?rlkey=bp4o0frxmrlydnv2xwe5i07j0&st=m9keyche&raw=1","Wooly Imports","Arts & Entertainment > Gift Giving"
"CRZ88","Corazones decorativos 30*33cm","decoracion para amor,detalle romantico flores,adorno elegante","in stock","new","5.00 PEN","https://www.woolyimports.com/catalogo/producto.html?id=CRZ88","https://dl.dropboxusercontent.com/scl/fi/o3hjbncu6s22mhhmkojcs/CRZ88.jpg?rlkey=kuxtisx8q4a2efuob71wypiuh&st=dih3snsw&raw=1","Wooly Imports","Arts & Entertainment > Gift Giving"
"CCHD2","Caja corazón hueca desarmable","caja corazon regalo,detalle romantico amor,box elegante","in stock","new","5.00 PEN","https://www.woolyimports.com/catalogo/producto.html?id=CCHD2","https://dl.dropboxusercontent.com/scl/fi/zd876mhkz76b8vo8bnbzz/CCHD.jpg?rlkey=x2s3v7484jem6lm9nl5llzhgc&st=d8giuhwq&raw=1","Wooly Imports","Arts & Entertainment > Gift Giving"
"70CFC15","Caja cubo marmoleado","caja elegante regalo,detalle premium amor,box lujo","in stock","new","5.00 PEN","https://www.woolyimports.com/catalogo/producto.html?id=70CFC15","https://dl.dropboxusercontent.com/scl/fi/mk0se13wliy5lin81lja2/70CFC15_1.jpg?rlkey=3yqzjtu6oes7yz4ih90f86soc&st=nhhhtb31&raw=1","Wooly Imports","Arts & Entertainment > Gift Giving"
"Pl7IocsuK","Caja corazón personaje","caja para amor,detalle personalizado,corazon sorpresa","in stock","new","5.00 PEN","https://www.woolyimports.com/catalogo/producto.html?id=Pl7IocsuK","https://dl.dropboxusercontent.com/scl/fi/nbwqkxdniz5mzrkzbsehd/Pl7IocsuK.jpg?rlkey=w0egomwff8c8wcolbqmchzof6&st=5w9xbcgu&raw=1","Wooly Imports","Arts & Entertainment > Gift Giving"
"CA2218SET","Caja acrílica tapa y asa","caja transparente regalo,detalle premium flores,box elegante","in stock","new","12.00 PEN","https://www.woolyimports.com/catalogo/producto.html?id=CA2218SET","https://dl.dropboxusercontent.com/scl/fi/406xpwvgjcpinheyq912z/CA2218SET.jpg?rlkey=atrsgqd8slth9wonx1sjzxwls&st=g6s5a8g5&raw=1","Wooly Imports","Arts & Entertainment > Gift Giving"
"ACETATOG001","Caja acetato tapa pequeña 23*15*15cm","caja transparente regalo,detalle elegante flores,box premium","in stock","new","8.00 PEN","https://www.woolyimports.com/catalogo/producto.html?id=ACETATOG001","https://dl.dropboxusercontent.com/scl/fi/inerxsvntnj199wgrbson/ACETATOG001.jpg?rlkey=9j1abj6s3m7dozpuq1v2no28o&st=xruixi77&raw=1","Wooly Imports","Arts & Entertainment > Gift Giving"
"CJAMAl011","Caja Trupan tipo cañón","caja madera regalo,detalle elegante flores,box premium","in stock","new","12.00 PEN","https://www.woolyimports.com/catalogo/producto.html?id=CJAMAl011","https://dl.dropboxusercontent.com/scl/fi/iuyjayldi0p25psw0kvx6/CJAMAl011.jpg?rlkey=fasqsf1bg9wqsc9tironwmkeo&st=lmivc4pe&raw=1","Wooly Imports","Arts & Entertainment > Gift Giving"
"CJAMAl012","Caja ""Especialmente Para Ti""","regalo personalizado,detalle especial amor,box elegante flores","in stock","new","5.00 PEN","https://www.woolyimports.com/catalogo/producto.html?id=CJAMAl012","https://dl.dropboxusercontent.com/scl/fi/jzk6nkkrsbroysvnfy0jq/CJAMAl012.jpg?rlkey=bkwkcwp13atdd8nnoim88mhx7&st=p97ej53y&raw=1","Wooly Imports","Arts & Entertainment > Gift Giving"
"CJ206","Caja Lazo Especial 28*24.5cm","caja lazo en 2 modelos, hello kitty, stich","in stock","new","12.00 PEN","https://www.woolyimports.com/catalogo/producto.html?id=CJ206","https://dl.dropboxusercontent.com/scl/fi/9bpk9ohtce1qefwgj0lhg/CJ206.jpg?rlkey=726rygxdcig7hf4bm53rsa9fi&st=0i154t7h&raw=1","Wooly Imports","Arts & Entertainment > Gift Giving"
"NACI100MTRS","Cinta Satinada Nacional 4cm x 100m","Fabricada en satín de acabado brillante, ideal para envoltura de regalos, arreglos florales, decoración de eventos y manualidades. Presentación de 4cm x 100m.","in stock","new","45.00 PEN","https://www.woolyimports.com/catalogo/producto.html?id=NACI100MTRS","https://dl.dropboxusercontent.com/scl/fi/surgkqfhnaan09rqef2nd/NACI100MTRS.jpg?rlkey=024kpz8xn8c640kvu7nl064cc&st=zszm2og4&raw=1","Wooly Imports","Arts & Entertainment > Crafts & Hobbies"
"CIM92","Cinta Satinada Estándar 3cm x 92m","Elaborada en satín con acabado brillante y textura suave. Recomendada para decorar regalos, cajas, ramos de flores y detalles especiales. Presentación de 3cm x 92m.","in stock","new","18.00 PEN","https://www.woolyimports.com/catalogo/producto.html?id=CIM92","https://dl.dropboxusercontent.com/scl/fi/mw0qqsa6jxni5jmbc5dsz/CIM92.jpg?rlkey=uvcii9ww3atnqfurva8z5i8w1&st=0d581z7x&raw=1","Wooly Imports","Arts & Entertainment > Crafts & Hobbies"
"0913-45","Cinta Letras Decorativa Satinada 1cm x 92m","Fabricada en satín impreso con acabado elegante y diseño decorativo. Ideal para lazos, envolturas y detalles de presentación. Presentación de 1cm x 92m.","in stock","new","20.00 PEN","https://www.woolyimports.com/catalogo/producto.html?id=0913-45","https://dl.dropboxusercontent.com/scl/fi/9il2gcsy0epflwbeub73y/0913-45.jpg?rlkey=dy6l6pr9ehbs0w5vqdc01po2w&st=dtbq7caw&raw=1","Wooly Imports","Arts & Entertainment > Crafts & Hobbies"
"flor327873","Cinta Floratel Decorativa Verde","Elaborada en tela no tejida, perfecta para envolver ramos, arreglos florales, canastas y decoraciones especiales.","in stock","new","3.00 PEN","https://www.woolyimports.com/catalogo/producto.html?id=flor327873","https://dl.dropboxusercontent.com/scl/fi/cij9uchj7guzbt99rmjho/flor327873.jpg?rlkey=rtj0dmdtdpnwcso4y5ln7zm5x&st=yd2pxoin&raw=1","Wooly Imports","Arts & Entertainment > Crafts & Hobbies"
"bnbideTkk","Cinta Estilo Dior Premium 2cm","Elaborada en satín impreso con diseño elegante inspirado en tendencias de moda. Ideal para cajas de regalo, empaques premium y decoraciones exclusivas. Presentación de 2cm x 45m.","in stock","new","15.00 PEN","https://www.woolyimports.com/catalogo/producto.html?id=bnbideTkk","https://dl.dropboxusercontent.com/scl/fi/uwyonov0vutouvs6nib08/bnbideTkk.jpg?rlkey=oxlmmuy736tjoe2r0ju3xycyc&st=zi6avk9m&raw=1","Wooly Imports","Arts & Entertainment > Crafts & Hobbies"
"eYFmDJReK","Cinta Gasa Perlada 4cm","Elaborada en organza gasa con acabado perlado y textura ligera. Ideal para lazos, arreglos florales, recuerdos y decoración de eventos. Ancho de 4cm.","in stock","new","8.00 PEN","https://www.woolyimports.com/catalogo/producto.html?id=eYFmDJReK","https://dl.dropboxusercontent.com/scl/fi/zt61pfdwrecryn8feg5rv/eYFmDJReK.jpg?rlkey=ep60p6teu5l88vy80p0u12w24&st=crzwufhk&raw=1","Wooly Imports","Arts & Entertainment > Crafts & Hobbies"
"6Aw9IeUUc","Cinta Gasa Decorativa 4cm","Fabricada en organza gasa ligera y versátil, perfecta para envoltura de regalos, decoración floral, lazos y manualidades. Ancho de 4cm.","in stock","new","10.00 PEN","https://www.woolyimports.com/catalogo/producto.html?id=6Aw9IeUUc","https://dl.dropboxusercontent.com/scl/fi/s12oz3ucwskfhptlnczhg/6Aw9IeUUc.jpg?rlkey=5gzeleprybmsf27he9fzdduh0&st=tzqk879s&raw=1","Wooly Imports","Arts & Entertainment > Crafts & Hobbies"
"GB-DIS18-001","Globo Metálico Diseño N°18","globo decorativo regalo,detalle para fiesta,globo elegante sorpresa,decoracion cumpleaños","in stock","new","5.00 PEN","https://www.woolyimports.com/catalogo/producto.html?id=GB-DIS18-001","https://dl.dropboxusercontent.com/scl/fi/s8jbgopda1p5vxfdli6b6/GB-DIS18-001.jpeg?rlkey=hfoyy5ezwe4rpcphf2eku4jmg&st=r5jjgwrf&raw=1","Wooly Imports","Arts & Entertainment > Party & Celebration"
"bELOaWypH","Tiara Rapunzel Decorativa","Tiara para cabeza estilo princesa en material decorativo Disponible en:","in stock","new","25.00 PEN","https://www.woolyimports.com/catalogo/producto.html?id=bELOaWypH","https://dl.dropboxusercontent.com/scl/fi/kbxd5hv8kykfehs5603h1/20251112_202811.jpg?rlkey=n4nseaiam8vszr8ykwrrb8cas&st=60erblo1&raw=1","Wooly Imports","Arts & Entertainment > Party & Celebration"
"FP9159OTR","Corona Redonda Grande Decorativa","Corona redonda grande en material resistente para decoración Disponible en:","in stock","new","35.00 PEN","https://www.woolyimports.com/catalogo/producto.html?id=FP9159OTR","https://dl.dropboxusercontent.com/scl/fi/n5nh5ol8qb5gilpxefnrz/20251112_201041.jpg?rlkey=e1st7re53ye5s9env6vzovu9a&st=i4arqi8m&raw=1","Wooly Imports","Arts & Entertainment > Party & Celebration"
"FP9161OTR","Corona Redonda Pequeña Decorativa","Corona redonda pequeña en material resistente para arreglos Disponible en:","in stock","new","15.00 PEN","https://www.woolyimports.com/catalogo/producto.html?id=FP9161OTR","https://dl.dropboxusercontent.com/scl/fi/l2qw49a5m6l1h3um7g6p2/FP9161OTR.jpg?rlkey=pgr2wfaluf9bdtxtcvj683qyb&st=b45cr3tp&raw=1","Wooly Imports","Arts & Entertainment > Party & Celebration"
"BAnDE4895","Banderolas Decorativas Ocasiones","Banderolas decorativas en material liviano para celebraciones Disponible en:","in stock","new","8.00 PEN","https://www.woolyimports.com/catalogo/producto.html?id=BAnDE4895","https://dl.dropboxusercontent.com/scl/fi/2k95xcqcj2wwsanl0et0k/20260401_163702.jpg?rlkey=x4kkqz72z5ps66vvimwrrh0fm&st=1w51iyp9&raw=1","Wooly Imports","Arts & Entertainment > Party & Celebration"
"70TSCR3D","Toppers Scrap 3D Pan de Oro","Toppers 3D con acabado pan de oro en cartón decorativo Disponible en:","in stock","new","4.00 PEN","https://www.woolyimports.com/catalogo/producto.html?id=70TSCR3D","https://dl.dropboxusercontent.com/scl/fi/hm3y873bx43u6dnilci0a/img_disp.jpg?rlkey=zptj17v7lajk0mo4vvqy2133r&st=6xgmmct3&raw=1","Wooly Imports","Arts & Entertainment > Party & Celebration"
"ggELv2QRv","Pack Tarjetas Amor x25","Tarjetas de cartón en pack de 25 unidades con diseños de amor Disponible en:","in stock","new","10.00 PEN","https://www.woolyimports.com/catalogo/producto.html?id=ggELv2QRv","https://dl.dropboxusercontent.com/scl/fi/wvbws04fxx5uy93u5yset/ggELv2QRv.jpg?rlkey=obqxag7xrdtxxlvpsu76z2759&st=iddo24tn&raw=1","Wooly Imports","Arts & Entertainment > Party & Celebration"
"XPx4i46p9","Pan de Oro Decorativo","Lámina tipo pan de oro en material decorativo para acabados Disponible en:","in stock","new","9.00 PEN","https://www.woolyimports.com/catalogo/producto.html?id=XPx4i46p9","https://dl.dropboxusercontent.com/scl/fi/hzjx5h4044codmvo8cfoz/XPx4i46p9.jpg?rlkey=cos94se4bia57446jd1j91tqn&st=sn91eh1w&raw=1","Wooly Imports","Arts & Entertainment > Party & Celebration"
"TARMA17498","Pack Tarjetas Mamá x25","Tarjetas de cartón pack x25 con diseños para mamá Disponible en:","in stock","new","10.00 PEN","https://www.woolyimports.com/catalogo/producto.html?id=TARMA17498","https://dl.dropboxusercontent.com/scl/fi/xvsw1vojjdp9hlrt09x0t/20260401_162933.jpg?rlkey=k7hiig7e2amd62r85y6dfimoc&st=wdu4swzj&raw=1","Wooly Imports","Arts & Entertainment > Party & Celebration"
"70TSCR3DM","Toppers Scrap 3D Día de la Madre","Toppers 3D en cartón decorativo temática mamá Disponible en:","in stock","new","5.00 PEN","https://www.woolyimports.com/catalogo/producto.html?id=70TSCR3DM","https://dl.dropboxusercontent.com/scl/fi/encrjqu79hb5l3yb7cv2h/TSCR3D.jpg?rlkey=mif2amx9lnmbw71e9379q9dys&st=8snzhafm&raw=1","Wooly Imports","Arts & Entertainment > Party & Celebration"
"LYsYeyI0F","Topper 3 Capas Mamá 3D","Topper 3D en cartón de tres capas diseño mamá Disponible en:","in stock","new","4.00 PEN","https://www.woolyimports.com/catalogo/producto.html?id=LYsYeyI0F","https://dl.dropboxusercontent.com/scl/fi/zy9k1kf01crgeuo269u0r/LYsYeyI0F.jpg?rlkey=g5xrn8vyht4ub0diopfmhqybp&st=exsrvjr4&raw=1","Wooly Imports","Arts & Entertainment > Party & Celebration"
"Wipg6dBes","Toppers Plastificados Ocasiones","Toppers plastificados en material resistente para eventos Disponible en:","in stock","new","1.00 PEN","https://www.woolyimports.com/catalogo/producto.html?id=Wipg6dBes","https://dl.dropboxusercontent.com/scl/fi/lkizck57ifkammu64gft2/Wipg6dBes.jpg?rlkey=0wr7nfprzdeski0m5iygbhhlk&st=ds6078fr&raw=1","Wooly Imports","Arts & Entertainment > Party & Celebration"
"vcbrmzVss","Topper Rosas Mamá Decorativo","Topper con forma de rosas en cartón para mamá Disponible en:","in stock","new","3.00 PEN","https://www.woolyimports.com/catalogo/producto.html?id=vcbrmzVss","https://dl.dropboxusercontent.com/scl/fi/pxuyced9bzzvssfwcszbe/vcbrmzVss.jpg?rlkey=indx6xhjlygbde8nepp6daqc3&st=a4ekxqa7&raw=1","Wooly Imports","Arts & Entertainment > Party & Celebration"
"fTid2l90e","Vinilo de Color Adhesivo","Vinilo de color en material adhesivo para personalización Disponible en:","in stock","new","5.00 PEN","https://www.woolyimports.com/catalogo/producto.html?id=fTid2l90e","https://dl.dropboxusercontent.com/scl/fi/w1qyn6g2b0u5w47glet8p/107140564547.jpg?rlkey=n4xiq0lszggs88lw8i0tlh274&st=ajsyxlbe&raw=1","Wooly Imports","Arts & Entertainment > Party & Celebration"
"107140564547","Plancha Vinilo Adhesivo","Plancha de vinil adhesivo en material flexible para corte Disponible en:","in stock","new","8.00 PEN","https://www.woolyimports.com/catalogo/producto.html?id=107140564547","https://dl.dropboxusercontent.com/scl/fi/tveirr0q82uqqqjbu008k/fTid2l90e-1.jpg?rlkey=0b192r2wfa1nakw1hbg7t4cyg&st=0xl9xly7&raw=1","Wooly Imports","Arts & Entertainment > Party & Celebration"
"4578965122545","Esfera Acrílica 20 cm","Esfera de acrílico transparente de 20 cm de diámetro Disponible en:","in stock","new","18.00 PEN","https://www.woolyimports.com/catalogo/producto.html?id=4578965122545","https://dl.dropboxusercontent.com/scl/fi/d5fkd2fx1gyd05clgky53/4578965122545.jpg?rlkey=0v8x5b8sa1rzht0taryyzkvir&st=bpe4x6gf&raw=1","Wooly Imports","Arts & Entertainment > Party & Celebration"
"_tihFomz-","Sticker A4 Adhesivo","Lámina A4 de stickers en material adhesivo Disponible en:","in stock","new","2.00 PEN","https://www.woolyimports.com/catalogo/producto.html?id=_tihFomz-","https://dl.dropboxusercontent.com/scl/fi/qfkibh5pk40yw32jly5zw/_tihFomz.jpg?rlkey=jitzh08mvs3ro4z83dn9jo6zb&st=nhk7jxap&raw=1","Wooly Imports","Arts & Entertainment > Party & Celebration"
"9Wkbh4gWQ","Adhesivo DTF para Plancha","Adhesivo DTF en material transfer para aplicación térmica Disponible en:","in stock","new","15.00 PEN","https://www.woolyimports.com/catalogo/producto.html?id=9Wkbh4gWQ","https://dl.dropboxusercontent.com/scl/fi/pg4epythj14o312t2lddb/9Wkbh4gWQ-1.jpg?rlkey=m2ffj64vh9rzuokpbls2epkta&st=3s0l4yua&raw=1","Wooly Imports","Arts & Entertainment > Party & Celebration"
"yQ3ALKW-z","Porta Tarjetas para Ramo","Soporte en material rígido para tarjetas en arreglos Disponible en:","in stock","new","18.00 PEN","https://www.woolyimports.com/catalogo/producto.html?id=yQ3ALKW-z","https://dl.dropboxusercontent.com/scl/fi/fmgo2xrn87zdvj19uswxi/yQ3ALKW-z.jpg?rlkey=s6wggjq8sk8xks88wqt54bvt2&st=14nor4ve&raw=1","Wooly Imports","Arts & Entertainment > Party & Celebration"
"TAR38950","Tarjeta Tipo Carta Pequeña","Tarjeta de cartón formato carta tamaño pequeño Disponible en:","in stock","new","1.00 PEN","https://www.woolyimports.com/catalogo/producto.html?id=TAR38950","https://dl.dropboxusercontent.com/scl/fi/nyi1f2whsxiz9qj5hmzok/TAR38950.jpg?rlkey=wqya3btbd5cudn27gjymdizau&st=qhuu1jhn&raw=1","Wooly Imports","Arts & Entertainment > Party & Celebration"
"TARYFHGI","Pack Tarjetas Cumpleaños x25u","Tarjetas de cartón pack x25 temática cumpleaños Disponible en:","in stock","new","10.00 PEN","https://www.woolyimports.com/catalogo/producto.html?id=TARYFHGI","https://dl.dropboxusercontent.com/scl/fi/xczlztlvcso9zfqrq8cul/TARYFHGI.jpg?rlkey=aqfau7gy9z55ul7l4hwddluuv&st=aujvmynh&raw=1","Wooly Imports","Arts & Entertainment > Party & Celebration"
"TOPE2424","Topper Mamá Corazón Corbata Decorativo","topper de cartón diseño corazón corbata mamá para detalles Disponible en:","in stock","new","2.00 PEN","https://www.woolyimports.com/catalogo/producto.html?id=TOPE2424","https://dl.dropboxusercontent.com/scl/fi/hm3y873bx43u6dnilci0a/img_disp.jpg?rlkey=zptj17v7lajk0mo4vvqy2133r&st=6xgmmct3&raw=1","Wooly Imports","Arts & Entertainment > Party & Celebration"
"5WurWASps","Topper Brillante Papá","Topper brillante ideal para regalos del Día del Padre. Disponible en:","in stock","new","1.00 PEN","https://www.woolyimports.com/catalogo/producto.html?id=5WurWASps","https://dl.dropboxusercontent.com/scl/fi/a75pzwi9988z5nh71awv9/5WurWASps.jpg?rlkey=mu6r6don01see4v2xttb2iif7&st=4sovnkx1&raw=1","Wooly Imports","Arts & Entertainment > Party & Celebration"
"DPSTK01","Sticker Día del Padre","Sticker temático perfecto para decorar regalos y empaques. Disponible en:","in stock","new","2.00 PEN","https://www.woolyimports.com/catalogo/producto.html?id=DPSTK01","https://dl.dropboxusercontent.com/scl/fi/ddom29xzbrx7zxfrbjeii/DPSTK01.jpg?rlkey=x2hkf0o9x1mgreh36szepaa8q&st=ibqvmwp0&raw=1","Wooly Imports","Arts & Entertainment > Party & Celebration"
"DPTAR01","Tarjeta Día del Padre","Tarjeta especial para acompañar detalles y sorpresas para papá. Disponible en:","in stock","new","1.00 PEN","https://www.woolyimports.com/catalogo/producto.html?id=DPTAR01","https://dl.dropboxusercontent.com/scl/fi/osv0wim9gfbkapj2jwibe/DPTAR01.jpg?rlkey=3dm1z2ytluq1tyfl0nzv470x9&st=3lifezyr&raw=1","Wooly Imports","Arts & Entertainment > Party & Celebration"
"DPCER01","Sticker para Lata o Botella de Cerveza","Sticker decorativo para personalizar latas y botellas de cerveza. Disponible en:","in stock","new","2.00 PEN","https://www.woolyimports.com/catalogo/producto.html?id=DPCER01","https://dl.dropboxusercontent.com/scl/fi/guomn0ww9jpg9hlv6zjik/DPCER01.jpg?rlkey=efhjsd7zstz3yrfs79tpzkz7w&st=53zwcole&raw=1","Wooly Imports","Arts & Entertainment > Party & Celebration"
"DPTOP02","Pelota Decorativa","Pelota decorativa ideal para arreglos y presentaciones creativas. Disponible en:","in stock","new","3.00 PEN","https://www.woolyimports.com/catalogo/producto.html?id=DPTOP02","https://dl.dropboxusercontent.com/scl/fi/hqwbdaw1qtd9nc6uadlyh/DPTOP02.jpg?rlkey=oj2nv0frxytk15zx48r08fua3&st=xvjnhfpq&raw=1","Wooly Imports","Arts & Entertainment > Party & Celebration"
"WOOLY-8","Topper Scrap Economic","Disponible en:","in stock","new","2.00 PEN","https://www.woolyimports.com/catalogo/producto.html?id=WOOLY-8","https://dl.dropboxusercontent.com/scl/fi/ld8kkewktx8t18miundbn/WOOLY-8.jpg?rlkey=te9x4d0f3amjovzlkqg7xuiyf&st=xoyqmta8&raw=1","Wooly Imports","Arts & Entertainment > Party & Celebration"
"LUC1M8655","Luces Hada Dorada 3 m Pila Reloj","luces tipo hada color dorado 1 m en metal con pilas para arreglos Disponible en:","in stock","new","4.00 PEN","https://www.woolyimports.com/catalogo/producto.html?id=LUC1M8655","https://dl.dropboxusercontent.com/scl/fi/0n87juudrhjg4pe2hpaoa/LUC1M8650.jpg?rlkey=e3bsvlob8plcgtdcu2tex4u1z&st=lehbzovi&raw=1","Wooly Imports","Arts & Entertainment > Party & Celebration"
"BSN01-CRZ","Base Corazón Color Negro","Base elegante en forma de corazón color negro mate. Ideal para arreglos premium y de San Valentín. Disponible en:","in stock","new","5.00 PEN","https://www.woolyimports.com/catalogo/producto.html?id=BSN01-CRZ","https://dl.dropboxusercontent.com/scl/fi/6iv662hy9fea4l1x6n4js/BSN01-CRZ.jpg?rlkey=p6xifn0jwj6rg6wh07m0dqwd5&st=9rkvinz2&raw=1","Wooly Imports","Arts & Entertainment > Party & Celebration"
"BSC02-CRZ","Base Circular con Corazones","Base cilíndrica con tierno diseño de corazones. Perfecta para regalos románticos y aniversarios. Disponible en:","in stock","new","5.00 PEN","https://www.woolyimports.com/catalogo/producto.html?id=BSC02-CRZ","https://dl.dropboxusercontent.com/scl/fi/learnorj47jcvgj1j3nd4/BSC02-CRZ.jpg?rlkey=pdynny8toj7xb0s66bu50brk0&st=wctft6lb&raw=1","Wooly Imports","Arts & Entertainment > Party & Celebration"
"BSN03-ALT","Base Circular Negro Alto","Base cilíndrica alta en color negro sofisticado. Excelente para arreglos florales grandes o bouquets. Disponible en:","in stock","new","5.00 PEN","https://www.woolyimports.com/catalogo/producto.html?id=BSN03-ALT","https://dl.dropboxusercontent.com/scl/fi/8ny4z73ppxf3op6wm3v9c/BSN03-ALT.jpg?rlkey=o8y0zrtwstyqr4csgi9bupqgn&st=ct04wfi7&raw=1","Wooly Imports","Arts & Entertainment > Party & Celebration"
"FP9048OTG","Base Soporte Grande Circular 28x18 cm","Base circular en material rigido 28x18 cm para armado. Disponible en: Rosado","in stock","new","5.00 PEN","https://www.woolyimports.com/catalogo/producto.html?id=FP9048OTG","https://dl.dropboxusercontent.com/scl/fi/90ih7ocnd4ddb8nx16lho/FP9048OTRG.jpg?rlkey=zz4r2bafgj2ai9tb9ln97hxtz&st=tiapyalk&raw=1","Wooly Imports","Arts & Entertainment > Party & Celebration"
"PL-1A","Llavero Hello Kitty Lazo 10CM","Kitty con vestido y un hermoso lazo en el cuello","in stock","new","10.00 PEN","https://www.woolyimports.com/catalogo/producto.html?id=PL-1A","https://dl.dropboxusercontent.com/scl/fi/ipk9nsh1xiuufe8wa27ma/PL-1A.jpg?rlkey=yfht5u172iv2lv8yiophuve2w&st=o5j1lrd3&raw=1","Wooly Imports","Arts & Entertainment > Party & Celebration"
"A-41X","Llavero Stitch Sentado 10cm","Stich con orejas largas con ojos kawai","in stock","new","15.00 PEN","https://www.woolyimports.com/catalogo/producto.html?id=A-41X","https://dl.dropboxusercontent.com/scl/fi/ysf26k9wrdtlfvuxi592a/A-41X.jpg?rlkey=z643ozzw50f9svvacyhumve2s&st=mm0ixcbb&raw=1","Wooly Imports","Arts & Entertainment > Party & Celebration"
"OOGikcf9M","Llavero San Rio Fresita 12CM","4 modelos kuromi,kitty, sinnamon roll, melody con vestido de fresita","in stock","new","15.00 PEN","https://www.woolyimports.com/catalogo/producto.html?id=OOGikcf9M","https://dl.dropboxusercontent.com/scl/fi/90ql4godz0xlsyiz7d12r/OOGikcf9M.png?rlkey=wpt0xzghmqtf59x10aa6pcpdg&st=qdyeizxi&raw=1","Wooly Imports","Arts & Entertainment > Party & Celebration"
"RdgPkgiwk","Llavero Peluche San Rio Corazón en Mano 12CM","kitty con vestido de corazon con un corazon en la mano","in stock","new","15.00 PEN","https://www.woolyimports.com/catalogo/producto.html?id=RdgPkgiwk","https://dl.dropboxusercontent.com/scl/fi/q4wuiergxmsz6qj4ylpq2/RdgPkgiwk.png?rlkey=f62n1ulpfikunvd10dlxyuz57&st=suufbs2y&raw=1","Wooly Imports","Arts & Entertainment > Party & Celebration"
"LN-7C","Llavero conejo vestido economic 10cm","conejo con vestido floreado y moño","in stock","new","12.00 PEN","https://www.woolyimports.com/catalogo/producto.html?id=LN-7C","https://dl.dropboxusercontent.com/scl/fi/b5mlasxdz6fq410amqq8l/LN-7C.jpg?rlkey=hwlufg0iobu7vlczei84eoaar&st=s53llzhq&raw=1","Wooly Imports","Arts & Entertainment > Party & Celebration"
"LN-7I214","Llavero pinguino 12cm","pinguino profesion chef con mandil y gorro","in stock","new","15.00 PEN","https://www.woolyimports.com/catalogo/producto.html?id=LN-7I214","https://dl.dropboxusercontent.com/scl/fi/xyg9aorz3thl8s8jla8yy/LN-7I214.png?rlkey=jemk018crblp0znp3lvx06mtv&st=v16sz1oa&raw=1","Wooly Imports","Arts & Entertainment > Party & Celebration"
"0913-31","Porta Ramo de Plástico","Disponible en tonos vino y rosado, el paquete incluye 50 unidades. Disponible en:","in stock","new","15.00 PEN","https://www.woolyimports.com/catalogo/producto.html?id=0913-31","https://dl.dropboxusercontent.com/scl/fi/hm3y873bx43u6dnilci0a/img_disp.jpg?rlkey=zptj17v7lajk0mo4vvqy2133r&st=6xgmmct3&raw=1","Wooly Imports","Arts & Entertainment > Party & Celebration"
"6925110315025","Caja ovalada mariposa 30*22*25cm","caja para flores,detalle elegante regalo,box decorativo","in stock","new","12.00 PEN","https://www.woolyimports.com/catalogo/producto.html?id=6925110315025","https://dl.dropboxusercontent.com/scl/fi/hm3y873bx43u6dnilci0a/img_disp.jpg?rlkey=zptj17v7lajk0mo4vvqy2133r&st=6xgmmct3&raw=1","Wooly Imports","Arts & Entertainment > Gift Giving"
"CJLZ78","Caja lazo Mamá rosado 30*25*10cm","regalo para mama,detalle dia madre,box flores mama","in stock","new","8.00 PEN","https://www.woolyimports.com/catalogo/producto.html?id=CJLZ78","https://dl.dropboxusercontent.com/scl/fi/uoab01x8v96godj7dwzdt/CJLZ78.jpg?rlkey=642qp6hhp5fzcfttp4x1kjek9&st=zhtc4neu&raw=1","Wooly Imports","Arts & Entertainment > Gift Giving"
"CJVM66","Caja ventana Mamá 31*14*10cm","regalo para mama,detalle flores mama,sorpresa dia madre","in stock","new","5.00 PEN","https://www.woolyimports.com/catalogo/producto.html?id=CJVM66","https://dl.dropboxusercontent.com/scl/fi/opj6zl4tbcwg90kqys5uj/CJVM66.jpg?rlkey=frz88toiw90pip0o4y8964s3r&st=c5uj3jiu&raw=1","Wooly Imports","Arts & Entertainment > Gift Giving"
"S2CM","Set 2 cajas maleta básica 20*11*25cm","caja para regalo,maleta para flores,detalle elegante","in stock","new","30.00 PEN","https://www.woolyimports.com/catalogo/producto.html?id=S2CM","https://dl.dropboxusercontent.com/scl/fi/m611cttz01222fff0qir8/S2CM.jpg?rlkey=bawj1ndqkz2mkoqdr5q9ozmp5&st=ukycfmbp&raw=1","Wooly Imports","Arts & Entertainment > Gift Giving"
"FVPAPA","Frasco vidrio Papá","regalo para papa,detalle dia padre,sorpresa papa","in stock","new","12.00 PEN","https://www.woolyimports.com/catalogo/producto.html?id=FVPAPA","https://dl.dropboxusercontent.com/scl/fi/oo1f3ifwksgxt2p39kh2o/FVPAPA.jpg?rlkey=cy1rkvdwk88nl2uo9g2yepz9c&st=wbbj7sdu&raw=1","Wooly Imports","Arts & Entertainment > Gift Giving"
"TCPAPA","Tacho Papá","regalo para papa,detalle personalizado,presente dia padre","in stock","new","4.00 PEN","https://www.woolyimports.com/catalogo/producto.html?id=TCPAPA","https://dl.dropboxusercontent.com/scl/fi/woboqp8vfivqtslvq8uab/TCPAPA.jpg?rlkey=bjr56p95d8prnqtgqwu6z6p8a&st=e0ypoyvo&raw=1","Wooly Imports","Arts & Entertainment > Gift Giving"
"CPAPA01","Caja portalatas tapa","caja para regalo,detalle elegante sorpresa,box premium","in stock","new","5.00 PEN","https://www.woolyimports.com/catalogo/producto.html?id=CPAPA01","https://dl.dropboxusercontent.com/scl/fi/ejo99fn1k75v71s3blput/CPAPA01.jpg?rlkey=171h6nhwg7lwzvtkcz2l6o4x1&st=v502e54u&raw=1","Wooly Imports","Arts & Entertainment > Gift Giving"
"CCEP15","Caja Circular Especial Papá 15*15cm","Caja circular de 15x15 cm con diseños especiales para el Día del Padre. Disponible en temáticas Alianza, Cristal, Universitario, Homero con niña, Homero con niño, Papá Eres Mi Superhéroe, Gracias por Todo y Feliz Día Papá. Ideal para arreglos florales, desayunos sorpresa, dulces y regalos personalizados.","in stock","new","10.00 PEN","https://www.woolyimports.com/catalogo/producto.html?id=CCEP15","https://dl.dropboxusercontent.com/scl/fi/v1u7rpu0j3vjznbzzatjv/CCEP15.jpg?rlkey=guadm6rjbzh52z9s3rw0gbn7e&st=vqt4ayzc&raw=1","Wooly Imports","Arts & Entertainment > Gift Giving"
"CJ203","Caja Lazo Feliz Día Maestro/a","caja lazo en 5 modelos maestro celeste, maestra rosado","in stock","new","12.00 PEN","https://www.woolyimports.com/catalogo/producto.html?id=CJ203","https://dl.dropboxusercontent.com/scl/fi/1xtfsql3sx9n4cgh77rr4/CJ203.jpg?rlkey=y9gbo9qki7dyhosx7xrjjiwia&st=rxc5bpri&raw=1","Wooly Imports","Arts & Entertainment > Gift Giving"
"CJ205","Caja Box mica Feliz Día Maestro/a 23.5*17cm","caja de box Feliz dia maestro en rosado y celeste","in stock","new","5.00 PEN","https://www.woolyimports.com/catalogo/producto.html?id=CJ205","https://dl.dropboxusercontent.com/scl/fi/7ytwetbhbxahojg5t7v39/CJ205.jpg?rlkey=8a2yorqe5c5dofhsujdrscn2e&st=xzhfeyru&raw=1","Wooly Imports","Arts & Entertainment > Gift Giving"
"45128365458","Cinta Satinada para flores Corta 4cm x 10m","Elaborada en satín impreso para empaques, decoración temática y manualidades creativas. Presentación práctica de 4cm x 10m.","in stock","new","5.00 PEN","https://www.woolyimports.com/catalogo/producto.html?id=45128365458","https://dl.dropboxusercontent.com/scl/fi/hudibecizrbqimjmyooin/45128365458.jpg?rlkey=kd9fvlgdebbaiiy3bc6fiqutf&st=s6fypaju&raw=1","Wooly Imports","Arts & Entertainment > Crafts & Hobbies"
"TA95304","Cinta Letras Especial Graduación 2.5cm","Fabricada en satín impreso con temática de graduación, ideal para recuerdos, regalos y decoraciones para celebraciones especiales. Presentación de 2.5cm x 45m.","in stock","new","12.00 PEN","https://www.woolyimports.com/catalogo/producto.html?id=TA95304","https://dl.dropboxusercontent.com/scl/fi/qpcvngy0l37zwnxo2raoy/TA95304.jpg?rlkey=vlylf5h5zic3mfjejqvppn2l0&st=me5aklxd&raw=1","Wooly Imports","Arts & Entertainment > Crafts & Hobbies"
"GLOMAN10","Globo Metálico Mamá N°10","globo para mama,detalle dia madre,decoracion para regalo,sorpresa para mama","in stock","new","3.00 PEN","https://www.woolyimports.com/catalogo/producto.html?id=GLOMAN10","https://dl.dropboxusercontent.com/scl/fi/3x4xk7zquf5kd1lwkjvhz/GLOMAN10.jpeg?rlkey=7npaufupibr6tkitfnrq4yq4k&st=j5mdzre3&raw=1","Wooly Imports","Arts & Entertainment > Party & Celebration"
"GLOMAN12","Globo Metálico Papá N°10","globo para papa,detalle dia padre,decoracion para regalo,sorpresa para papa","in stock","new","3.00 PEN","https://www.woolyimports.com/catalogo/producto.html?id=GLOMAN12","https://dl.dropboxusercontent.com/scl/fi/o342ngeqerwzllq7vui4t/GLOMAN13.jpg?rlkey=a55d1x6vpqbgtpcnfnb6qmn6n&st=5ob60nr6&raw=1","Wooly Imports","Arts & Entertainment > Party & Celebration"
"GLOMAN13","Globo Metálico Papá N°5","globo decorativo papa,detalle dia padre,regalo para papa,sorpresa especial","in stock","new","3.00 PEN","https://www.woolyimports.com/catalogo/producto.html?id=GLOMAN13","https://dl.dropboxusercontent.com/scl/fi/83pi8mt2wxs7cowgzann4/GLOMAN12.jpg?rlkey=w4dsovor6igyeeukcz0fxz99m&st=b6s4mnvf&raw=1","Wooly Imports","Arts & Entertainment > Party & Celebration"
"WOOLY-1","Topper Scrap Camiseta","Disponible en:","in stock","new","2.00 PEN","https://www.woolyimports.com/catalogo/producto.html?id=WOOLY-1","https://dl.dropboxusercontent.com/scl/fi/cjbi75abxse9mbq3mi70j/WOOLY-1.jpg?rlkey=ur9g65s9qyk2zzs2w6vagfuvh&st=ddspxpgq&raw=1","Wooly Imports","Arts & Entertainment > Party & Celebration"
